INCIDENT_CAUSE,CLAIM_STATUS,ODOMETER_AT_LOSS,LOSS_EVENT_TIME,CLAIM_INIT_TIME,POLICE_REPORT,CLAIMS_AT_LOSS_DATE,LOSS_LOCATION_LAT,LOSS_LOCATION_LONG,CLAIM_AMOUNT,FLAG_FOR_FRAUD_INV,START_DATE,EXPIRY_DATE,MODEL_YEAR,MAKE,MODEL,INITIAL_ODOMETER,LOW_MILEAGE_USE,COMMUTE_DISCOUNT,EXCESSIVE_CLAIM_AMOUNT
3,1,157654.9,2017-04-25,4/28/17,1,1,41.90210313,-87.75562353,35765,1,9/19/16,9/19/17,2010,Nissan,Sentra,144972,0,0,1
3,3,226154.5,2018-08-26,8/31/18,0,1,41.96356191,-87.73139688,1909,0,6/14/17,6/14/18,2008,Dodge,Ram,212580,0,0,0
1,1,83968.6,2016-01-07,1/11/16,0,2,41.73660156,-87.6049681,25730,1,8/24/15,8/23/16,2009,Chevrolet,Equinox,77994,1,0,1
1,1,309570.3,2016-12-11,12/18/16,0,1,41.90992525,-87.73155722,40880,1,7/25/15,7/24/16,2002,Chevrolet,Equinox,296352,0,0,1
3,3,136633.9,2017-06-06,6/8/17,0,1,41.9237502,-87.78988086,2130,0,1/8/16,1/7/17,2010,Honda,CR-V,134244,0,0,0
1,3,326514.1,2018-03-06,3/19/18,0,1,41.90925707,-87.78505659,1970,0,1/15/17,1/15/18,2004,Ford,F-150,316848,0,0,0
2,3,58477.9,2017-08-13,8/18/17,0,1,41.92839511,-87.7964676,2290,0,7/8/16,7/8/17,2012,Chevrolet,Impala,53232,1,0,0
1,3,176476.9,2017-02-10,2/18/17,0,1,41.88571554,-87.72837561,2990,0,8/11/16,8/11/17,2010,Kia,Sportage,165900,0,0,0
3,3,277812.7,2018-02-16,2/24/18,0,1,41.89505399,-87.74566176,1170,0,10/13/17,10/13/18,2006,Nissan,Sentra,268104,0,0,0
5,3,190541.3,2016-12-28,1/11/17,0,1,41.89197561,-87.61458027,2090,0,6/23/15,6/22/16,2008,Kia,Sportage,178656,0,0,0
1,3,290975.1,2017-08-12,8/25/17,0,1,41.91122338,-87.63865603,2130,0,4/14/16,4/14/17,2005,Kia,Optima,280368,0,0,0
3,1,159873.2,2018-07-30,7/30/18,1,5,41.73583545,-87.66786637,33040,1,2/22/17,2/22/18,2010,Hyundai,Sonata,157344,0,0,1
1,3,391866.9,2018-02-22,2/26/18,0,1,41.73416431,-87.55121062,2400,0,1/10/17,1/10/18,1998,Dodge,Durango,385536,0,0,0
3,1,384000.6,2017-02-06,2/6/17,0,3,41.79185207,-87.8013778,21330,1,6/4/16,6/4/17,2000,Toyota,Corolla,370668,0,0,1
2,3,251644.8,2018-07-10,7/18/18,1,1,42.00593081,-87.68066049,3427,0,4/10/17,4/10/18,2007,Nissan,Rogue,237900,0,0,0
2,1,300279.3,2017-07-29,8/10/17,0,1,41.69340052,-87.61232172,35385.5,1,11/25/16,11/25/17,2004,Chevrolet,Camaro,294552,0,0,1
2,3,73419.5,2017-12-30,1/3/18,0,1,41.84014456,-87.66133946,1570,0,4/6/16,4/6/17,2010,Honda,HR-V,68880,1,0,0
2,3,118923.9,2018-01-16,1/28/18,0,1,41.97517487,-87.7683442,2370,0,11/21/17,11/21/18,2007,Jeep,Renegade,107052,1,0,0
1,1,182681.3,2017-04-25,5/7/17,1,1,41.89017255,-87.64999164,26250,1,7/23/16,7/23/17,2009,Chevrolet,Equinox,177168,0,0,1
5,1,160429.9,2018-02-10,2/19/18,1,3,41.84065787,-87.72589914,25830,1,7/11/17,7/11/18,2011,Nissan,Versa,155820,0,0,1
2,1,165363.7,2018-01-23,1/24/18,1,4,41.88470505,-87.66704583,23483,1,4/23/17,4/23/18,2010,Hyundai,Tucson,159408,0,0,1
5,3,240639.2,2016-12-01,12/10/16,1,1,41.73618257,-87.64365982,2173.5,0,8/20/15,8/19/16,2005,Chevrolet,Express,228228,0,0,0
4,3,388591.3,2017-07-12,7/12/17,1,1,41.76203035,-87.61169575,1750,0,4/17/16,4/17/17,2001,Dodge,Ram,379584,0,0,0
1,1,59498.7,2016-01-06,1/8/16,1,1,42.00642207,-87.67812041,20310,1,4/18/15,4/17/16,2013,Kia,Optima,57024,0,0,1
1,3,94043.6,2018-10-13,10/25/18,0,1,41.81360176,-87.704338,2810,0,10/1/17,10/1/18,2014,Chevrolet,Colorado,81624,0,0,0
4,3,69305.4,2017-07-19,7/19/17,1,1,41.9969237,-87.80694519,2370,0,3/6/16,3/6/17,2014,Mazda,CX-5,58644,0,0,0
5,3,207764.4,2018-11-04,11/13/18,0,1,41.95222752,-87.72742482,1320,0,1/14/17,1/14/18,2008,Chevrolet,Silverado,206640,0,0,0
5,1,302710,2017-05-31,6/12/17,0,5,41.9768951,-87.69227967,30840,1,4/4/16,4/4/17,2001,Acura,MDX,301680,0,0,1
4,3,109080,2017-03-01,3/13/17,0,3,41.88078079,-87.73023238,1230.5,0,5/20/16,5/20/17,2012,Dodge,Ram,101292,0,0,0
4,3,69640.2,2018-09-05,9/11/18,0,1,41.89275285,-87.76070937,1020,0,7/11/17,7/11/18,2015,Toyota,Prius,57780,0,0,0
2,2,281332.9,2018-12-14,12/19/18,1,1,41.9383457,-87.71230667,2470,0,5/17/17,5/17/18,2004,Honda,CR-V,276972,0,0,0
1,1,176864.1,2016-07-14,7/25/16,0,2,41.90643022,-87.64830557,31020,1,8/23/15,8/22/16,2008,Hyundai,Tucson,169824,0,0,1
3,3,223253.6,2018-11-26,11/30/18,0,1,41.89078197,-87.63125181,1890,0,2/8/17,2/8/18,2009,Toyota,Corolla,212976,0,0,0
3,3,139853.9,2018-07-20,7/20/18,0,1,41.89244415,-87.63720038,1932,0,8/3/17,8/3/18,2012,Hyundai,Tucson,134940,0,0,0
1,3,210844.5,2016-09-24,9/26/16,0,1,41.8181867,-87.7433186,1730,0,7/25/15,7/24/16,2005,Kia,Forte,199452,0,0,0
2,3,282275.4,2016-08-06,8/20/16,0,3,41.88241054,-87.63721144,2170,0,9/15/15,9/14/16,2004,Ford,E-Series,276624,0,0,0
1,1,224281.5,2017-12-27,12/29/17,1,2,41.93136196,-87.72315142,20380,1,6/27/16,6/27/17,2007,Dodge,Ram,222168,0,0,1
5,1,246553.7,2017-10-07,10/10/17,1,1,41.81920073,-87.68457036,36190,1,3/16/16,3/16/17,2006,Toyota,Camry,245400,0,0,1
3,1,193096,2018-03-30,3/30/18,1,1,41.90191323,-87.70164516,27370,1,5/25/17,5/25/18,2008,Chevrolet,Traverse,188184,0,0,1
2,3,68251,2016-02-27,3/2/16,0,1,41.88332815,-87.62846744,2280,0,6/22/15,6/21/16,2010,Ford,Explorer,61920,1,0,0
1,3,163689.5,2017-12-28,1/9/18,0,3,41.84415759,-87.72469381,2360,0,5/27/16,5/27/17,2010,Honda,CR-V,163044,0,1,0
5,1,434090,2018-04-10,4/14/18,1,1,41.68942688,-87.65875179,34490,1,6/5/17,6/5/18,1998,Nissan,Sentra,432000,0,0,1
3,1,40609.9,2017-04-27,5/10/17,1,1,42.0004435,-87.66085935,30350,1,3/25/16,3/25/17,2014,Toyota,Corolla,28386,1,0,1
3,1,241219.8,2016-04-27,5/5/16,1,3,41.86730472,-87.64397388,27310,1,9/20/15,9/19/16,2004,Kia,Optima,234144,0,0,1
1,1,243194.9,2016-07-04,7/7/16,1,3,41.93457199,-87.78566027,25210,1,10/21/15,10/20/16,2004,Chevrolet,Camaro,233424,0,0,1
5,2,50221.6,2018-12-07,12/10/18,1,1,41.89506294,-87.7530869,2950,0,3/26/17,3/26/18,2016,Chevrolet,Colorado,36720,0,0,0
2,3,347421,2016-09-18,9/29/16,0,1,41.86252459,-87.64213178,1210,0,5/19/15,5/18/16,1998,Subaru,Impreza,339984,0,0,0
5,1,93436.3,2017-11-07,11/21/17,1,1,41.77455256,-87.68336926,19340,1,5/21/16,5/21/17,2013,Toyota,Rav-4,84348,0,0,1
1,3,42931.6,2017-05-26,6/2/17,0,3,41.89679903,-87.70315361,2560,0,3/27/16,3/27/17,2015,Hyundai,Sonata,40212,0,0,0
1,3,86881.4,2017-11-24,12/2/17,0,1,41.88770538,-87.62058814,2550,0,4/3/16,4/3/17,2013,Nissan,Altima,79524,0,0,0
2,3,47333.9,2018-10-01,10/1/18,0,1,41.70344854,-87.68138191,1350,0,7/1/17,7/1/18,2016,Toyota,Corolla,37872,0,0,0
3,3,245549,2018-03-20,3/24/18,0,4,41.92834542,-87.6684029,1180,0,6/2/17,6/2/18,2008,Buick,Enclave,232920,0,0,0
5,1,45802.6,2017-01-26,2/4/17,0,1,41.80107195,-87.58174032,34994.5,1,7/17/16,7/17/17,2015,Kia,Soul,44904,0,0,1
5,3,251473.2,2016-11-17,11/18/16,0,1,41.8776941,-87.75352928,16680,0,8/19/15,8/18/16,2004,GMC,Sierra,238752,0,0,1
3,1,45797.8,2017-05-26,6/5/17,1,3,42.00830436,-87.67818538,14480,1,7/14/16,7/14/17,2015,Ford,F-150,42864,0,0,1
1,3,88939.1,2016-11-28,12/2/16,1,1,41.93064372,-87.68536822,1817,0,1/22/15,1/22/16,2012,Ford,E-Series,77328,0,0,0
1,3,255525.6,2018-07-12,7/15/18,0,1,41.96457585,-87.74287565,2780,0,6/24/17,6/24/18,2007,Nissan,Pathfinder,254364,0,0,0
3,3,262087.5,2016-02-07,2/20/16,1,1,41.69954742,-87.64275192,2480,0,9/26/15,9/25/16,2004,Dodge,Ram,251424,0,0,0
5,3,356670.1,2018-05-06,5/17/18,0,1,41.72258206,-87.57504199,1173,0,7/18/17,7/18/18,2001,Honda,Pilot,348132,0,0,0
1,1,248401.6,2017-09-30,10/9/17,0,1,41.73153777,-87.58567864,21920,1,5/21/16,5/21/17,2006,Chrysler,300,242628,0,0,1
3,1,247662.7,2018-03-13,3/13/18,1,2,41.89713934,-87.7361474,33080,1,1/16/17,1/16/18,2007,Mazda,CX-5,237732,0,0,1
4,3,201218.5,2017-04-15,4/24/17,0,1,41.73600895,-87.65571261,1510,0,5/13/16,5/13/17,2008,Toyota,Tacoma,198636,0,0,0
2,1,77539.8,2018-02-26,3/11/18,1,1,41.9471065,-87.68811976,35920,1,4/5/17,4/5/18,2015,GMC,Sierra,66900,0,0,1
5,1,414306.8,2018-01-19,2/1/18,0,1,41.9140602,-87.74602773,20230,1,4/22/17,4/22/18,2000,Audi,Q5,400860,0,0,1
2,3,149077.6,2016-11-08,11/8/16,0,1,41.88579694,-87.64570081,2170,0,10/14/15,10/13/16,2010,GMC,Acadia,136728,0,0,0
5,1,325260.6,2016-09-28,10/4/16,0,1,41.8912077,-87.64893961,34200,1,2/8/15,2/8/16,2000,Dodge,Grand Caravan,313728,0,0,1
1,3,34151.1,2016-10-31,11/14/16,0,1,41.87195364,-87.76334923,2277,0,10/4/15,10/3/16,2013,Chevrolet,Silverado,32148,1,0,0
1,3,349263.8,2018-05-28,6/3/18,0,1,41.90080611,-87.61972396,2850,0,11/2/17,11/2/18,2000,Dodge,Ram,339120,0,0,0
1,3,58439.6,2016-01-12,1/20/16,0,1,41.81674857,-87.61646799,1550,0,1/10/15,1/10/16,2013,Dodge,Ram,54072,0,0,0
2,3,70700.8,2017-05-19,6/1/17,0,1,41.72984108,-87.60480693,1450,0,9/5/16,9/5/17,2014,Ford,F-150,55728,0,0,0
1,1,63610.2,2017-11-26,12/1/17,0,1,41.86347978,-87.68928558,31450,1,3/20/17,3/20/18,2015,Jeep,Wrangler,57456,0,0,1
2,1,371183.8,2016-08-26,9/1/16,1,5,41.84714751,-87.64633938,13100,1,10/3/15,10/2/16,1998,Ford,F-150,370656,0,0,1
2,3,67792.3,2016-10-12,10/20/16,0,1,41.81679293,-87.59494802,1490,0,2/1/15,2/1/16,2013,Dodge,Grand Caravan,61488,0,1,0
3,3,444121.7,2017-04-04,4/12/17,1,1,41.87409237,-87.66647809,1110,0,4/25/16,4/25/17,1995,Ford,Mustang,436392,0,0,0
2,1,76181.7,2018-04-19,5/2/18,1,1,41.92512769,-87.66204067,19676.5,1,3/25/17,3/25/18,2015,Ford,Expedition,66324,0,0,1
4,1,346425.5,2016-02-29,3/9/16,0,1,41.77965209,-87.65942423,24713.5,1,8/25/15,8/24/16,1998,Kia,Sorento,344520,0,1,1
2,3,174227.7,2017-02-16,2/17/17,0,3,41.84665185,-87.64791126,2150,0,10/4/16,10/4/17,2010,Chrysler,Pacifica,161700,0,0,0
2,3,148301.5,2018-06-01,6/14/18,0,1,41.78487905,-87.69491794,2000,0,8/13/17,8/13/18,2012,Kia,Forte,138312,0,0,0
3,3,199855.1,2017-10-28,11/3/17,0,2,41.96134343,-87.69835838,1630,0,4/12/16,4/12/17,2007,Dodge,Ram,187572,0,0,0
1,3,234182.9,2018-11-28,12/6/18,0,1,41.88222375,-87.75809921,1330,0,10/16/17,10/16/18,2006,Honda,Civic,225132,0,0,0
3,3,142857.4,2018-08-09,8/14/18,0,2,41.83105838,-87.61678193,1170,0,7/7/17,7/7/18,2012,Mercedes,GLC,138252,0,0,0
4,1,74820.6,2017-11-25,12/6/17,1,3,41.93506582,-87.71742429,16480,1,3/3/16,3/3/17,2013,Chevrolet,Malibu,73644,0,0,1
5,1,126227,2017-07-30,8/13/17,1,1,41.92027338,-87.78031813,30230,1,4/11/16,4/11/17,2012,Ford,Explorer,117348,0,0,1
1,3,66583.4,2018-09-14,9/25/18,1,1,41.89089442,-87.62019212,2090,0,1/27/17,1/27/18,2015,Nissan,Frontier,57252,0,0,0
1,3,165993.5,2017-10-05,10/15/17,1,1,41.99767708,-87.69924898,1320,0,10/19/16,10/19/17,2000,Chevrolet,Cruze,159018,1,0,0
3,1,251135.4,2018-08-27,9/5/18,1,5,41.90809991,-87.63476376,41320,1,1/2/17,1/2/18,2005,Toyota,Corolla,240588,0,0,1
3,1,240903.7,2018-03-06,3/12/18,0,2,41.77775486,-87.65066077,31740,1,8/15/17,8/15/18,2007,Jeep,Cherokee,236016,0,0,1
5,1,434497.7,2017-07-10,7/21/17,1,1,41.90359031,-87.65921321,33400,1,9/11/16,9/11/17,1998,Chrysler,Pacifica,425172,0,0,1
3,1,364482.8,2017-03-28,3/28/17,1,1,41.88411405,-87.61476242,30080,1,10/4/16,10/4/17,2002,Chevrolet,Camaro,357480,0,1,1
4,3,69086.7,2017-09-07,9/13/17,1,1,41.97240949,-87.75397937,2460,0,2/19/16,2/18/17,2014,Mercedes,E class,59616,0,1,0
5,1,79847.5,2018-01-24,1/25/18,0,1,41.88993991,-87.6341743,14770,1,6/18/17,6/18/18,2014,Ford,Mustang,75660,0,0,1
4,3,113022.1,2018-09-11,9/22/18,1,1,41.83359679,-87.72413311,1780,0,8/15/17,8/15/18,2013,Ford,Fusion,100980,0,0,0
4,3,76872.2,2018-06-20,7/4/18,0,1,41.74429685,-87.58522947,1820,0,2/10/17,2/10/18,2015,Chevrolet,Silverado,65760,0,0,0
3,1,219131.7,2018-11-08,11/12/18,1,1,41.76400271,-87.71489464,24750,1,5/7/17,5/7/18,2007,Nissan,Sentra,217608,0,0,1
5,1,232789,2017-03-20,4/2/17,0,1,41.88091068,-87.62550911,23960,1,3/13/16,3/13/17,2007,Toyota,Camry,230628,0,1,1
2,3,142498.4,2017-04-23,5/2/17,0,1,41.76866087,-87.58787755,2410,0,3/4/16,3/4/17,2011,Acura,RDX,136404,0,0,0
3,3,105292.9,2016-05-11,5/25/16,0,1,41.86259342,-87.68577824,2840,0,4/16/15,4/15/16,2011,Chrysler,Pacifica,94980,0,1,0
1,1,167780.9,2016-12-08,12/20/16,1,3,41.92365236,-87.63989337,20033,1,10/3/15,10/2/16,2009,Toyota,Tacoma,155148,0,0,1
1,1,151474.3,2016-01-21,1/27/16,1,1,41.88036512,-87.7633382,16760,1,2/10/15,2/10/16,2010,Hyundai,Sonata,143856,0,0,1
5,3,246782,2016-09-09,9/11/16,0,1,41.91571189,-87.70218517,1370,0,2/12/15,2/12/16,2004,Mercedes,E class,238464,0,0,0
5,3,144581.9,2017-03-28,4/10/17,0,3,41.90044127,-87.68436645,2610.5,0,11/25/16,11/25/17,2003,Nissan,Sentra,129780,1,0,0
4,3,80003.2,2017-02-20,2/27/17,1,1,41.94522873,-87.81440018,2620,0,9/10/16,9/10/17,2013,GMC,Sierra,74256,0,0,0
5,1,145010.7,2017-04-12,4/23/17,1,1,41.83713685,-87.70467361,17664,1,5/18/16,5/18/17,2010,Honda,HR-V,141204,0,0,1
5,3,185685.9,2016-03-04,3/14/16,0,1,41.90953467,-87.74596768,1510,0,11/12/15,11/11/16,2008,Kia,Soul,184224,0,0,0
4,1,176372.9,2016-01-23,1/31/16,1,2,41.76915305,-87.66378819,36010,1,1/16/15,1/16/16,2008,Nissan,Sentra,171360,0,0,1
5,3,100102.6,2017-05-22,5/23/17,0,1,41.73686159,-87.5974451,2250,0,2/12/16,2/11/17,2012,Toyota,Tacoma,97344,0,0,0
2,3,201913.9,2017-02-07,2/18/17,1,1,41.69645644,-87.61548066,1530,0,1/25/16,1/24/17,2008,Chevrolet,Camaro,192936,0,0,0
5,1,77746.1,2018-06-01,6/6/18,1,1,42.00561454,-87.70917153,26320,1,11/10/17,11/10/18,2012,Subaru,Outback,65664,1,0,1
3,1,140478.8,2017-11-10,11/19/17,1,1,41.91638706,-87.64104135,33730,1,8/11/16,8/11/17,2010,Honda,HR-V,131952,0,0,1
1,3,80833.4,2016-03-14,3/14/16,0,1,41.75466012,-87.74138476,2980,0,8/19/15,8/18/16,2013,Honda,CR-V,68724,0,0,0
4,1,156166.4,2016-07-07,7/7/16,1,1,41.90061438,-87.6373528,17050,1,9/21/15,9/20/16,2009,Toyota,Tacoma,148428,0,0,1
5,1,230213.9,2016-03-12,3/21/16,0,3,41.7359383,-87.62977539,37290,1,8/24/15,8/23/16,2006,Ford,Explorer,223080,0,0,1
2,3,59188.4,2016-06-19,6/23/16,0,1,41.81754255,-87.69027516,2780,0,7/8/15,7/7/16,2014,GMC,Yukon,46152,0,0,0
2,3,63779,2017-06-15,6/21/17,0,3,41.98552593,-87.66137411,2890,0,1/3/16,1/2/17,2014,Toyota,Corolla,61008,0,0,0
3,3,229155.5,2018-08-19,8/24/18,0,1,41.88327121,-87.64507535,1590,0,2/11/17,2/11/18,2006,Nissan,Pathfinder,220464,0,0,0
1,3,71230.1,2017-10-29,11/6/17,0,1,41.77804765,-87.61571724,1860,0,10/6/16,10/6/17,2014,Ford,Edge,61200,0,1,0
2,3,261551.4,2018-01-10,1/18/18,0,1,41.77029026,-87.72240132,2702.5,0,4/7/17,4/7/18,2007,Kia,Optima,260916,0,0,0
2,3,257197.1,2017-02-02,2/11/17,0,1,41.69494895,-87.64231341,1850,0,7/16/16,7/16/17,2006,Toyota,Rav-4,255036,0,0,0
2,3,104793.7,2018-07-07,7/21/18,0,1,41.71423312,-87.64285698,2420,0,10/25/17,10/25/18,2013,Ford,Explorer,99120,0,0,0
5,3,320678.5,2018-03-07,3/11/18,0,1,41.97127601,-87.68914308,2430,0,10/18/17,10/18/18,2004,Honda,Pilot,309120,0,0,0
2,3,90598.9,2016-12-03,12/12/16,1,1,41.89451634,-87.71887163,14360,0,6/15/15,6/14/16,2012,GMC,Sierra,86544,0,0,1
5,3,214386.8,2016-02-21,2/25/16,0,1,41.75331874,-87.73006973,1080,0,10/24/15,10/23/16,2006,Ford,Escape,208200,0,0,0
4,3,51278.6,2018-11-27,12/8/18,1,1,41.9062753,-87.75820516,2170,0,2/1/17,2/1/18,2014,Honda,HR-V,40128,1,0,0
2,3,47082.7,2016-05-28,6/6/16,0,1,41.87384723,-87.68608757,2290,0,7/22/15,7/21/16,2014,Chevrolet,Silverado,41928,0,0,0
3,3,46993.7,2018-08-18,8/25/18,1,1,41.87457106,-87.63501396,15440,0,5/26/17,5/26/18,2016,Toyota,Camry,41988,0,1,1
1,1,49307.9,2018-09-14,9/21/18,1,1,41.97985841,-87.65522996,21160,1,5/2/17,5/2/18,2016,Honda,CR-V,38832,0,0,1
5,3,257546.5,2018-10-06,10/10/18,0,1,41.87677249,-87.64778829,2320,0,1/16/17,1/16/18,2005,Ford,Transit,256776,0,0,0
5,1,140259.4,2016-02-08,2/21/16,0,1,41.85584468,-87.68341968,29083.5,1,3/18/15,3/17/16,2010,Hyundai,Sonata,131472,0,0,1
4,3,359871.4,2016-10-19,10/27/16,0,3,41.70629866,-87.68846006,3105,0,4/5/15,4/4/16,1999,Nissan,Versa,348228,0,0,0
3,1,185755,2017-03-01,3/13/17,0,4,41.75341322,-87.69781793,17590,1,6/18/16,6/18/17,2009,Ford,F-150,176472,0,0,1
1,3,66630.4,2017-12-08,12/20/17,0,1,41.83436696,-87.64147035,1750,0,9/21/16,9/21/17,2014,Ford,Focus,64416,0,0,0
1,3,125245.2,2017-08-15,8/15/17,0,1,41.91010241,-87.71682443,2450,0,6/9/16,6/9/17,2011,Ford,Escape,118008,0,0,0
3,3,294708,2018-05-21,5/22/18,0,1,41.77126708,-87.7224264,1450,0,4/4/17,4/4/18,2005,Toyota,Tacoma,285732,0,0,0
3,1,31587.5,2016-03-01,3/9/16,1,1,42.00439025,-87.66301635,34950,1,11/18/15,11/17/16,2014,Chevrolet,Malibu,20052,1,1,1
3,3,183006.5,2018-03-26,4/9/18,0,5,41.86240243,-87.66641897,1780,0,3/19/17,3/19/18,2009,Toyota,Tundra,169668,0,1,0
5,1,141307.8,2016-05-14,5/16/16,1,1,41.96893861,-87.74793505,25160,1,10/4/15,10/3/16,2010,Jeep,Wrangler,137664,0,0,1
5,1,127433.6,2018-07-14,7/21/18,0,1,41.80747002,-87.61668477,42124.5,1,4/25/17,4/25/18,2006,Cadillac,XT5,126576,1,0,1
1,1,301827.8,2017-06-12,6/16/17,0,1,41.88023932,-87.75692869,37400,1,5/24/16,5/24/17,2004,Audi,Q5,290568,0,0,1
4,3,97080.8,2018-06-04,6/13/18,0,4,41.79346382,-87.58017457,1759.5,0,5/11/17,5/11/18,2009,Ford,Escape,94092,1,0,0
3,1,46759.4,2017-07-19,7/25/17,1,1,41.91692195,-87.73749169,34530,1,3/25/16,3/25/17,2015,Mercedes,E class,43044,0,0,1
2,3,321269.9,2017-05-27,6/6/17,0,1,41.67743887,-87.66123603,1860,0,9/5/16,9/5/17,2004,GMC,Acadia,307452,0,0,0
3,3,68089.2,2016-03-18,3/27/16,1,1,41.7505461,-87.67329258,1748,0,6/10/15,6/9/16,2013,Chevrolet,Traverse,63900,0,1,0
4,3,157437.3,2018-07-03,7/17/18,1,1,41.78534019,-87.70317432,2150,0,1/23/17,1/23/18,2011,Dodge,Challenger,155280,0,0,0
3,3,102688.3,2017-04-02,4/13/17,1,3,41.84111499,-87.68513204,1300,0,6/16/16,6/16/17,2012,Nissan,Sentra,98040,0,0,0
3,3,75841.1,2018-05-14,5/27/18,1,1,41.99772713,-87.69638984,2886.5,0,8/9/17,8/9/18,2012,Jeep,Grand Cherokee,64872,1,1,0
3,1,240252.6,2017-09-21,9/26/17,1,1,42.02169141,-87.67448165,37170,1,7/22/16,7/22/17,2006,Ford,F-150,231012,0,0,1
1,3,270617.8,2016-05-16,5/20/16,0,1,41.88563256,-87.62637276,2012.5,0,10/7/15,10/6/16,2005,Kia,Optima,263208,0,0,0
3,1,247487.7,2016-01-22,1/23/16,0,1,41.70773676,-87.59428861,30340,1,3/8/15,3/7/16,2006,Dodge,Charger,233040,0,0,1
5,3,134162.4,2016-05-29,6/1/16,0,1,41.91950909,-87.74604006,17070,0,1/2/15,1/2/16,2004,Hyundai,Santa Fe,124488,1,0,1
3,1,273888.2,2018-04-10,4/19/18,0,4,41.74376136,-87.61110685,3093.5,1,9/23/17,9/23/18,2004,Jeep,Cherokee,270672,0,0,0
3,3,372991.7,2018-10-24,11/3/18,1,2,41.89927701,-87.70261578,1630,0,6/16/17,6/16/18,2001,Chevrolet,Equinox,370164,0,0,0
3,3,101935.6,2016-12-13,12/21/16,0,1,41.89093109,-87.67703497,2060,0,6/25/15,6/24/16,2007,Nissan,Sentra,99576,1,0,0
3,3,191073,2017-07-03,7/6/17,0,1,41.75046031,-87.71180293,1640,0,7/16/16,7/16/17,2009,Ford,Explorer,177528,0,0,0
4,3,229887,2018-11-13,11/25/18,1,5,41.95358351,-87.74312523,1330,0,3/23/17,3/23/18,2006,Chevrolet,Traverse,222624,0,0,0
3,3,183135.2,2016-03-24,4/5/16,0,2,41.93031835,-87.66605647,1520,0,6/8/15,6/7/16,2008,Hyundai,Elantra,179904,0,0,0
2,1,221868.6,2017-03-06,3/19/17,1,2,41.84330771,-87.68550216,20080,1,8/19/16,8/19/17,2007,Subaru,Impreza,210744,0,0,1
5,3,111835.4,2017-11-29,12/8/17,1,1,41.75118129,-87.60482882,3093.5,0,4/14/16,4/14/17,2012,Chevrolet,Silverado,98460,0,0,0
4,3,302548.5,2018-01-08,1/14/18,0,1,41.94525519,-87.66896382,2010,0,1/15/17,1/15/18,2004,Nissan,Rogue,294456,0,0,0
1,3,285859.5,2017-02-27,3/4/17,0,1,41.93166402,-87.72808651,3323.5,0,2/9/16,2/8/17,2003,Dodge,Ram,278208,0,0,0
3,3,250772.2,2017-08-25,8/28/17,0,3,41.89969856,-87.74606148,2200,0,8/10/16,8/10/17,2004,GMC,Sierra,245556,0,0,0
4,3,164574.7,2017-06-29,7/8/17,0,1,41.92352953,-87.68420184,2852,0,3/23/16,3/23/17,2010,Toyota,Camry,153132,0,0,0
2,3,210076.7,2017-03-14,3/22/17,0,1,41.99200455,-87.75508595,1265,0,4/5/16,4/5/17,2008,Honda,Civic,197748,0,0,0
5,1,150642.2,2016-01-22,1/31/16,1,1,41.8784407,-87.6173488,29830,1,7/3/15,7/2/16,2009,Jeep,Compass,147084,0,0,1
4,3,202050.2,2016-03-08,3/14/16,1,1,41.95050216,-87.71428334,1380,0,9/7/15,9/6/16,2006,Toyota,Camry,200880,0,0,0
5,3,185134.9,2016-10-31,11/5/16,0,2,41.67463136,-87.62241,2740,0,1/27/15,1/27/16,2007,Hyundai,Elantra,180684,0,1,0
1,1,312527.4,2018-05-18,5/18/18,0,3,41.69111325,-87.70095361,29220,1,3/5/17,3/5/18,2004,Chrysler,300,308916,0,0,1
1,1,68190.2,2016-10-18,10/24/16,1,1,41.92411902,-87.74703214,30420,1,4/9/15,4/8/16,2013,Honda,CR-V,61596,0,0,1
3,1,69007.7,2016-11-12,11/15/16,1,1,41.89259323,-87.62433405,20360,1,8/16/15,8/15/16,2013,Nissan,Rogue,65088,0,1,1
5,3,193299.8,2017-02-04,2/7/17,0,1,41.88197522,-87.62609645,2219.5,0,4/1/16,4/1/17,2007,Honda,Fit,192300,0,0,0
1,1,383898.7,2016-03-29,4/6/16,0,1,41.710281,-87.6729626,29010,1,1/19/15,1/19/16,2000,Toyota,4Runner,374592,0,0,1
3,1,241882.5,2017-03-18,3/30/17,1,1,41.7748756,-87.72647101,32630,1,3/9/16,3/9/17,2006,GMC,Acadia,232992,0,0,1
2,2,233122.6,2018-12-28,1/9/19,0,1,41.77076231,-87.64461748,1670,0,2/25/17,2/25/18,2007,Ford,F-150,225036,0,0,0
1,1,132434.9,2017-09-01,9/10/17,1,1,41.87412181,-87.73512379,20458.5,1,8/18/16,8/18/17,2010,Honda,CR-V,129108,0,0,1
3,1,90952.2,2018-03-13,3/14/18,1,1,41.79711892,-87.70380493,26130,1,1/22/17,1/22/18,2010,Dodge,Ram,82704,1,0,1
2,3,199698.4,2018-02-18,2/26/18,1,4,41.72479898,-87.6629114,1679,0,6/20/17,6/20/18,2010,Ford,Explorer,186432,0,0,0
3,3,92774.8,2018-05-25,5/28/18,0,1,42.01089475,-87.66279999,1240,0,11/13/17,11/13/18,2014,Lexus,RX,89832,0,1,0
1,1,164476.1,2018-03-20,3/30/18,0,1,41.72731918,-87.66296806,16910,1,10/2/17,10/2/18,2009,Mazda,3,163848,0,0,1
2,3,326539.6,2018-06-28,6/30/18,0,1,41.97538353,-87.75295892,1680,0,1/20/17,1/20/18,2003,Toyota,Tundra,323460,0,0,0
3,3,384513.2,2018-05-29,5/29/18,0,4,41.7595636,-87.66356102,3059,0,5/11/17,5/11/18,2001,Ford,Edge,374940,0,0,0
5,1,102876,2016-10-09,10/13/16,0,1,41.98520012,-87.6628714,20200,1,8/20/15,8/19/16,2011,Subaru,Forester,92100,0,0,1
4,4,46386.7,2018-11-28,12/2/18,1,1,41.90967816,-87.73376347,44838.5,1,6/23/17,6/23/18,2016,Dodge,Durango,41892,0,0,1
3,3,112511.3,2017-07-22,7/24/17,0,1,41.86737512,-87.62249323,1010,0,3/20/16,3/20/17,2012,Mazda,CX-5,105180,0,0,0
1,3,170319.1,2017-03-28,3/31/17,0,1,41.89184174,-87.62038181,2130,0,7/20/16,7/20/17,2009,Chevrolet,Express,159204,0,0,0
5,1,21015.8,2016-09-01,9/5/16,1,1,41.92549933,-87.69391755,25120,1,7/12/15,7/11/16,2015,Lexus,NX,18864,0,0,1
5,3,217004,2017-04-18,5/2/17,0,1,41.80062712,-87.72588868,1920.5,0,8/1/16,8/1/17,2007,Lexus,ES,214200,0,1,0
5,1,229084.9,2018-02-17,2/23/18,1,1,41.89566081,-87.70680242,32680,1,5/19/17,5/19/18,2007,Toyota,Tundra,226776,0,0,1
1,3,243294,2016-05-08,5/14/16,0,2,41.78059864,-87.59919787,2415,0,2/14/15,2/14/16,2003,Jeep,Wrangler,234936,0,0,0
1,1,232866.4,2016-03-09,3/21/16,1,5,41.94677411,-87.67345655,19750,1,9/6/15,9/5/16,2005,Toyota,Camry,225456,0,0,1
5,1,43518.5,2017-01-06,1/10/17,1,1,41.88248581,-87.6648355,18400,1,11/24/16,11/24/17,2015,Mercedes,E class,41232,0,0,1
4,1,205253.9,2018-08-16,8/25/18,1,1,41.80907372,-87.62997639,2370,1,11/24/17,11/24/18,2009,Hyundai,Santa Fe,200052,0,0,0
1,1,74949.5,2016-08-26,8/31/16,0,1,41.92345973,-87.79884308,45287,1,7/12/15,7/11/16,2013,Chevrolet,Equinox,61848,0,0,1
1,1,215047.2,2018-09-05,9/15/18,0,1,41.93317711,-87.68807236,16380,1,11/23/17,11/23/18,2009,Chrysler,Pacifica,205116,0,0,1
3,1,173661.3,2018-11-09,11/10/18,1,1,41.89751455,-87.68703398,37520,1,7/5/17,7/5/18,2010,Chevrolet,Colorado,161964,0,0,1
3,1,124421.8,2017-09-14,9/14/17,1,1,41.99000888,-87.74826667,29530,1,6/12/16,6/12/17,2012,Dodge,Ram,110736,0,0,1
1,1,241467.2,2017-12-26,1/5/18,1,1,41.91050252,-87.68240976,22570,1,11/9/16,11/9/17,2006,GMC,Acadia,236412,0,0,1
3,1,174768.1,2018-07-18,7/19/18,1,1,41.79337895,-87.58405382,17290,1,3/6/17,3/6/18,2010,Chevrolet,Equinox,170664,0,0,1
5,1,91249.5,2016-08-02,8/10/16,0,1,41.99738068,-87.80896764,40660,1,7/12/15,7/11/16,2008,Lexus,ES,79824,1,0,1
2,3,276655.3,2018-01-25,2/5/18,0,1,41.67710445,-87.64173829,2220,0,9/23/17,9/23/18,2006,Dodge,Charger,275460,0,0,0
5,1,54281.9,2016-05-03,5/6/16,0,1,41.96969326,-87.68879319,42872,1,9/3/15,9/2/16,2014,Chevrolet,Silverado,46824,0,0,1
1,1,67844.6,2018-02-17,2/23/18,0,1,41.87181419,-87.74478367,22130,1,8/18/17,8/18/18,2015,Toyota,Corolla,65112,0,1,1
5,3,91656.8,2018-06-06,6/11/18,0,3,41.75890306,-87.58342653,1610,0,5/26/17,5/26/18,2014,Nissan,Maxima,81696,0,0,0
1,1,68313.3,2017-04-27,5/7/17,0,3,41.86964303,-87.64552029,47748,1,6/17/16,6/17/17,2011,Chevrolet,Malibu,59832,1,0,1
1,1,202436.1,2018-05-24,6/6/18,1,1,41.89997167,-87.62401194,33200,1,5/16/17,5/16/18,2009,Buick,Enclave,197748,0,0,1
1,1,285816.8,2018-11-08,11/21/18,0,1,41.82823724,-87.70198748,29070,1,6/22/17,6/22/18,2005,Dodge,Ram,280032,0,0,1
2,1,42563.8,2018-05-20,6/3/18,1,1,41.99758039,-87.69225776,19900,1,3/14/17,3/14/18,2016,Chevrolet,Silverado,37488,0,0,1
3,2,68487,2018-12-13,12/13/18,0,1,41.89640443,-87.63996177,2130,0,3/16/17,3/16/18,2015,Chevrolet,Tahoe,58680,0,0,0
4,3,43052.9,2016-08-05,8/7/16,1,2,41.85290378,-87.63500468,1040,0,6/22/15,6/21/16,2014,Kia,Sportage,41952,0,0,0
2,3,169300.8,2018-10-18,10/24/18,0,1,41.95259946,-87.65434119,14220,0,4/19/17,4/19/18,2011,Hyundai,Sonata,160176,0,0,1
4,1,287840.5,2016-11-01,11/6/16,0,1,41.74872543,-87.64413194,14250,1,11/20/15,11/19/16,2003,Ford,Edge,283608,0,0,1
1,3,290573.7,2017-06-16,6/17/17,0,2,41.99033475,-87.69908651,1610,0,3/23/16,3/23/17,2004,Lexus,NX,276120,0,0,0
3,3,273140.2,2017-11-05,11/8/17,0,3,41.74872543,-87.64413194,2530,0,2/11/16,2/10/17,2005,Nissan,Rogue,261588,0,0,0
3,1,318364.7,2018-10-12,10/13/18,0,2,41.95587913,-87.67838601,23575,1,2/14/17,2/14/18,2003,Chevrolet,Traverse,311580,0,0,1
4,3,370275.1,2017-09-17,9/22/17,0,1,41.75479737,-87.60789532,1260,0,6/7/16,6/7/17,1999,Honda,Pilot,369564,0,0,0
5,1,229262.8,2018-02-23,3/8/18,0,1,41.89218892,-87.68444024,3013,1,6/11/17,6/11/18,2008,Ford,Explorer,220800,0,0,0
3,1,34201.3,2016-11-03,11/3/16,1,2,41.81575149,-87.68392697,28040,1,5/9/15,5/8/16,2013,Jeep,Cherokee,28800,1,0,1
1,1,192322.9,2017-03-28,4/1/17,0,5,41.78588849,-87.72310659,2196.5,1,4/17/16,4/17/17,2008,Nissan,Sentra,179568,0,0,0
4,3,200517.7,2018-11-21,11/29/18,1,1,41.89570453,-87.70221852,2020,0,8/16/17,8/16/18,2008,Subaru,Impreza,197244,0,0,0
3,1,240783.3,2018-05-30,6/3/18,1,1,41.69093147,-87.66242463,28740,1,7/21/17,7/21/18,2008,Toyota,Corolla,226092,0,0,1
2,3,164124.4,2018-03-21,3/21/18,1,1,41.89673792,-87.62022135,1860,0,6/3/17,6/3/18,2011,GMC,Sierra,159264,0,0,0
5,3,175619.4,2017-06-14,6/20/17,0,1,41.75416613,-87.58624573,1200,0,4/16/16,4/16/17,2001,GMC,Yukon,162258,1,0,0
2,1,114242.3,2016-09-10,9/19/16,1,4,41.88117859,-87.62448807,19960,1,8/15/15,8/14/16,2004,Volkswagen,Tiguan,110016,1,0,1
2,3,114097.7,2018-04-14,4/27/18,1,1,41.73599814,-87.72162026,2580,0,1/27/17,1/27/18,2009,Dodge,Challenger,99936,1,0,0
5,3,49994.7,2018-07-12,7/21/18,0,1,41.78318944,-87.66651674,1910,0,9/12/17,9/12/18,2016,Toyota,Corolla,39864,0,0,0
3,3,265605.5,2018-02-21,2/22/18,0,1,41.77909217,-87.68191355,2700,0,10/12/17,10/12/18,2007,Buick,Encore,250668,0,0,0
5,1,50292.6,2016-04-18,4/24/16,0,4,41.90156514,-87.6672981,34390,1,8/3/15,8/2/16,2012,Dodge,Challenger,37656,1,0,1
2,3,65265.5,2017-03-22,4/4/17,0,1,41.93102101,-87.67686402,16870,0,2/19/16,2/18/17,2014,Mercedes,C Class,59700,0,0,1
3,4,102623.9,2018-12-29,1/7/19,1,1,41.84521878,-87.64659399,24380,1,9/6/17,9/6/18,2013,Volkswagen,Jetta,97620,0,0,1
5,3,67999.3,2017-06-23,7/6/17,0,1,41.8820229,-87.63708141,1050,0,3/25/16,3/25/17,2014,Ford,Focus,57132,0,0,0
5,3,114823.5,2018-04-24,5/8/18,0,3,41.9686275,-87.77946917,1978,0,3/6/17,3/6/18,2013,Ford,Explorer,103068,0,0,0
5,3,187053.8,2016-06-19,6/23/16,0,3,41.92128809,-87.6548357,2150,0,1/23/15,1/23/16,2007,Chevrolet,Cruze,181332,0,0,0
5,1,362191.6,2018-04-01,4/10/18,1,1,41.99750814,-87.70879746,41779.5,1,2/8/17,2/8/18,2002,Jeep,Compass,356376,0,0,1
5,1,259567,2016-01-08,1/11/16,1,1,41.98978644,-87.74869423,20769,1,2/1/15,2/1/16,2003,Toyota,Tundra,255528,0,0,1
3,1,211068.3,2016-06-25,7/3/16,1,2,41.78656968,-87.60590062,33000,1,9/9/15,9/8/16,2006,Nissan,Rogue,201960,0,0,1
5,3,88937.7,2018-09-28,10/6/18,0,1,41.77139325,-87.65443268,2160,0,9/4/17,9/4/18,2014,Mazda,CX-5,84840,0,0,0
1,3,91330.9,2016-06-09,6/9/16,1,1,41.94579927,-87.76423351,1460,0,10/13/15,10/12/16,2012,Ford,F-150,82032,0,0,0
3,1,374189.9,2016-05-07,5/15/16,1,1,41.76139481,-87.64931423,36440,1,2/2/15,2/2/16,2000,Chevrolet,Traverse,362304,0,0,1
1,1,339378.3,2017-08-09,8/17/17,0,1,41.87432781,-87.64256918,48035.5,1,5/18/16,5/18/17,1999,Kia,Sorento,328464,0,1,1
5,3,245177.8,2018-03-18,3/31/18,1,1,41.91087554,-87.65827824,1200,0,7/20/17,7/20/18,2007,Chevrolet,Silverado,240252,0,0,0
1,3,70986.7,2016-09-10,9/17/16,0,1,41.87907527,-87.7715013,2270,0,5/11/15,5/10/16,2013,Ford,F-150,58320,0,0,0
5,1,235196.5,2017-04-02,4/9/17,0,1,41.84925702,-87.68570568,19390,1,3/18/16,3/18/17,2007,Toyota,Rav-4,230124,0,0,1
3,3,120715.4,2017-08-08,8/15/17,0,4,41.85539582,-87.63030525,1630,0,7/5/16,7/5/17,2011,Ford,F-150,118800,0,1,0
1,3,228822.2,2017-10-22,10/26/17,0,2,41.74124549,-87.64007166,2490,0,11/26/16,11/26/17,2006,Nissan,Rogue,224916,0,0,0
4,3,310443.5,2017-09-03,9/11/17,0,1,41.98997392,-87.74847302,1310,0,6/19/16,6/19/17,2002,Dodge,Charger,302220,0,0,0
5,3,361677.5,2017-07-22,8/2/17,1,1,41.94523891,-87.65681537,2050,0,4/7/16,4/7/17,2002,Hyundai,Sonata,357840,0,0,0
2,3,400921.9,2017-06-16,6/27/17,0,2,41.692848,-87.61331731,1520,0,8/6/16,8/6/17,1997,Chrysler,Pacifica,398508,0,0,0
2,3,367033.2,2016-08-25,9/6/16,0,1,41.89751009,-87.65760212,1690,0,7/12/15,7/11/16,1998,Ford,Focus,361800,0,0,0
5,1,82795.9,2018-10-01,10/7/18,1,1,41.72258292,-87.57495848,34210,1,6/3/17,6/3/18,2014,Toyota,Sienna,80592,0,0,1
2,3,141545,2017-03-17,3/21/17,1,1,41.71747191,-87.59962268,2210,0,5/7/16,5/7/17,2010,Chevrolet,Suburban,126672,0,0,0
4,3,212435.8,2016-06-11,6/15/16,1,3,41.9214274,-87.75375576,1850,0,5/20/15,5/19/16,2005,Nissan,Rogue,198924,0,0,0
1,3,64696.9,2017-09-04,9/7/17,1,1,41.78687015,-87.80116331,1460,0,3/16/16,3/16/17,2014,Hyundai,Sonata,58320,0,0,0
5,1,201359.2,2016-10-04,10/12/16,0,1,41.90898946,-87.80436284,37630,1,2/7/15,2/7/16,2006,Toyota,Rav-4,186840,0,0,1
2,1,74743.8,2017-04-29,5/13/17,0,5,41.90080165,-87.62427247,2093,1,5/11/16,5/11/17,2010,BMW,X5,68544,1,0,0
2,3,386249.5,2016-09-18,10/1/16,1,1,41.87831014,-87.6175759,2750,0,10/11/15,10/10/16,1998,Ford,Transit,382752,0,0,0
2,1,168168.5,2016-03-22,4/2/16,0,4,41.99759056,-87.66063912,2553,1,8/14/15,8/13/16,2009,Jeep,Cherokee,157332,0,0,0
5,1,209783.4,2017-02-19,2/28/17,0,1,41.80884489,-87.58718912,46483,1,5/3/16,5/3/17,2008,Mercedes,GLC,205524,0,0,1
5,1,176934.4,2018-09-22,10/4/18,1,4,41.83490206,-87.64513773,16040,1,11/19/17,11/19/18,2010,Chrysler,Pacifica,174528,0,0,1
2,3,234647.4,2017-02-20,3/4/17,1,1,41.81635848,-87.62154816,1190,0,5/10/16,5/10/17,2007,Jeep,Renegade,227640,0,0,0
1,3,138554.3,2016-08-02,8/16/16,0,1,41.87205805,-87.74507934,2740,0,10/6/15,10/5/16,2010,Subaru,XV Crosstrek,132120,0,0,0
5,1,66488,2018-08-31,9/10/18,0,1,41.75335698,-87.70264255,26850,1,2/13/17,2/13/18,2015,GMC,Acadia,55404,0,0,1
5,3,320102.8,2016-01-12,1/22/16,0,1,41.96502964,-87.71096162,2714,0,10/25/15,10/24/16,2002,Chevrolet,Cruze,313320,0,0,0
2,1,324707.8,2018-08-28,8/28/18,1,1,42.01216713,-87.6905173,19470,1,11/13/17,11/13/18,2002,Ford,Transit,322368,0,0,1
3,1,217512.2,2018-10-12,10/24/18,1,1,42.01904268,-87.70833212,26890,1,8/13/17,8/13/18,2007,Ford,Escape,215292,0,0,1
5,3,110984,2016-01-12,1/14/16,1,2,41.97959355,-87.75858927,1759.5,0,2/18/15,2/18/16,2011,Hyundai,Elantra,103440,0,0,0
3,3,126175.9,2016-01-15,1/23/16,0,1,41.75895236,-87.57750653,1200,0,3/19/15,3/18/16,2010,Acura,RDX,114120,0,0,0
3,1,160710.5,2016-06-29,6/29/16,0,1,41.86309346,-87.6274658,21830,1,11/23/15,11/22/16,2008,Ford,F-150,158400,0,0,1
2,3,192925.5,2018-07-12,7/18/18,0,1,41.88457722,-87.62440363,2530,0,1/20/17,1/20/18,2009,Hyundai,Sonata,189504,0,0,0
5,1,207173.5,2017-06-10,6/21/17,1,1,41.73879909,-87.64121073,25350,1,11/18/16,11/18/17,2006,Volkswagen,Passat,203940,0,0,1
5,3,197737.7,2018-01-12,1/19/18,0,1,41.96165205,-87.71055481,3358,0,4/18/17,4/18/18,2010,Ford,Focus,183072,0,0,0
5,1,113992.9,2016-02-23,3/7/16,1,1,41.73682263,-87.58578342,28658,1,1/25/15,1/25/16,2011,Chevrolet,Silverado,109440,0,0,1
3,3,43933.7,2018-11-03,11/5/18,0,1,41.78061287,-87.70816142,2710,0,2/19/17,2/19/18,2015,Toyota,Corolla,29574,1,0,0
4,3,254944.4,2017-12-28,12/28/17,1,1,42.00909475,-87.66075069,2950,0,4/2/16,4/2/17,2005,Toyota,Rav-4,250332,0,0,0
5,1,182737.4,2016-12-05,12/14/16,1,2,41.79017254,-87.65734763,30170,1,2/9/15,2/9/16,2008,Chevrolet,Trax,172704,0,0,1
2,3,90831.9,2018-08-31,9/3/18,0,5,41.67045106,-87.64151563,1090,0,2/16/17,2/16/18,2014,Chrysler,300,89268,0,0,0
2,3,363795.5,2016-06-26,7/4/16,0,1,41.95285299,-87.79612953,1242,0,5/6/15,5/5/16,2001,Honda,Accord,352800,0,0,0
3,3,215108.2,2018-09-13,9/25/18,1,4,41.77780768,-87.76867153,1180,0,2/26/17,2/26/18,2007,Buick,Encore,206928,0,0,0
1,3,78696.5,2016-12-16,12/16/16,0,1,41.7662891,-87.58238984,1810,0,4/26/15,4/25/16,2010,Dodge,Ram,67896,1,0,0
5,3,279054.7,2018-08-04,8/11/18,1,1,41.82953596,-87.67267101,1184.5,0,4/26/17,4/26/18,2006,Honda,Pilot,272724,0,0,0
4,3,428506.4,2016-04-17,4/23/16,0,3,41.86411696,-87.61894998,1730,0,1/22/15,1/22/16,1998,Honda,Civic,423576,0,0,0
3,3,106846.5,2016-08-29,9/5/16,0,1,41.84742098,-87.6123912,2740,0,5/15/15,5/14/16,2012,Mercedes,GLE,93936,0,0,0
5,3,156432,2018-02-08,2/14/18,0,1,41.77800459,-87.76185936,2910,0,1/11/17,1/11/18,2011,Ford,Fusion,150876,0,0,0
2,1,367828.7,2018-05-03,5/15/18,0,1,41.7783291,-87.61572579,40540,1,3/27/17,3/27/18,2002,Toyota,Rav-4,365724,0,0,1
3,1,146914.9,2017-01-31,2/2/17,1,3,41.89578154,-87.63432724,16880,1,6/16/16,6/16/17,2011,Volkswagen,Jetta,140244,0,1,1
5,1,189527.8,2016-06-28,7/3/16,1,3,41.87907221,-87.76467523,20570,1,8/14/15,8/13/16,2008,Honda,Odyssey,188160,0,0,1
1,3,86339.7,2016-11-18,11/24/16,0,2,41.75831465,-87.61526504,1630,0,8/16/15,8/15/16,2013,Acura,RDX,71640,0,0,0
5,1,66185.9,2016-12-04,12/6/16,1,1,41.89142316,-87.74582768,19820,1,1/1/15,1/1/16,2013,Chevrolet,Equinox,65628,0,0,1
1,3,238695.5,2016-07-06,7/15/16,0,2,41.73664184,-87.61253653,1240,0,4/3/15,4/2/16,2004,Jeep,Renegade,231696,0,0,0
2,3,104770.1,2017-06-08,6/15/17,0,1,41.94356352,-87.79438355,2300,0,2/10/16,2/9/17,2007,Subaru,Outback,95424,1,0,0
3,3,117059,2016-08-03,8/4/16,1,1,41.85263366,-87.72915564,2510,0,7/12/15,7/11/16,2004,Nissan,Sentra,115488,1,0,0
3,1,53139.6,2018-09-22,10/4/18,0,1,41.8806333,-87.62780997,3415.5,1,11/12/17,11/12/18,2013,Toyota,Rav-4,48588,1,0,0
4,3,131096.9,2016-05-04,5/8/16,0,3,41.9246824,-87.71950184,2430,0,3/26/15,3/25/16,2010,Jeep,Wrangler,116208,0,0,0
5,3,42097.3,2016-10-28,11/2/16,0,2,41.89565166,-87.70771743,2240,0,5/11/15,5/10/16,2012,Toyota,Rav-4,37224,1,0,0
2,3,90098.9,2017-11-01,11/12/17,0,1,41.83794567,-87.64545983,1770,0,1/22/16,1/21/17,2013,Chevrolet,Malibu,79764,0,0,0
3,3,117606.2,2016-03-26,4/3/16,0,1,41.85669757,-87.64646342,2960,0,3/23/15,3/22/16,2011,Nissan,Altima,108660,0,0,0
1,3,144534.3,2017-09-03,9/3/17,0,1,41.99743743,-87.7638592,2340,0,7/12/16,7/12/17,2011,Chevrolet,Silverado,136080,0,0,0
5,3,45687.8,2016-04-13,4/25/16,1,1,41.85400128,-87.66589962,1620,0,3/10/15,3/9/16,2014,Dodge,Ram,36456,0,0,0
3,3,274590.8,2017-06-15,6/20/17,0,1,41.87433069,-87.63960074,1060,0,2/18/16,2/17/17,2005,Honda,CR-V,264768,0,0,0
2,1,290003.5,2016-06-14,6/16/16,0,1,41.79291088,-87.74207734,2710,1,7/25/15,7/24/16,2004,Chevrolet,Cruze,277056,0,0,0
3,1,92951.4,2017-11-12,11/20/17,1,1,41.87206239,-87.75490425,40170,1,6/4/16,6/4/17,2013,Toyota,Corolla,84816,0,0,1
5,3,77380.8,2016-03-25,4/6/16,0,1,41.90405272,-87.66779309,2090,0,11/9/15,11/8/16,2009,Lexus,NX,63798,1,0,0
1,3,129334.5,2017-12-03,12/15/17,1,1,41.80927145,-87.63089121,14720,0,9/17/16,9/17/17,2011,Nissan,Sentra,123696,0,0,1
1,3,241369.3,2017-08-05,8/9/17,1,4,41.78746198,-87.69347746,1610,0,1/23/16,1/22/17,2006,Toyota,Camry,229776,0,0,0
1,3,415100.7,2016-12-18,12/23/16,1,1,41.87577504,-87.67301419,14570,0,7/3/15,7/2/16,1998,Volkswagen,Passat,405864,0,0,1
3,4,232471.8,2018-12-12,12/19/18,1,6,41.89482746,-87.74565493,27278,1,2/8/17,2/8/18,2007,Chevrolet,Equinox,229368,0,1,1
3,1,374676.4,2017-12-20,12/23/17,0,1,41.98575616,-87.66378215,27266.5,1,9/8/16,9/8/17,1998,Ford,Edge,362040,0,0,1
2,1,298024.4,2017-09-16,9/27/17,0,1,41.87870495,-87.74532124,31210,1,2/16/16,2/15/17,2003,Ford,Focus,297108,0,0,1
3,1,342361.6,2018-08-16,8/27/18,1,2,41.97260628,-87.74805607,27830,1,1/25/17,1/25/18,2003,Chevrolet,Cruze,339660,0,0,1
5,3,66676.4,2017-04-13,4/18/17,1,2,41.93213794,-87.70720738,2700,0,11/19/16,11/19/17,2014,Nissan,Rogue,63108,0,0,0
3,1,90079.6,2017-01-30,2/8/17,1,1,42.01002354,-87.68384244,16690,1,6/10/16,6/10/17,2013,Volkswagen,Jetta,87252,0,0,1
3,3,322626,2017-12-09,12/21/17,1,1,41.99623075,-87.6896868,2250,0,6/17/16,6/17/17,2000,Ford,Edge,307740,0,0,0
2,3,50768.3,2016-11-12,11/17/16,0,1,41.95910043,-87.68239224,1290,0,8/21/15,8/20/16,2014,Ford,Transit,45600,0,0,0
5,3,95327.6,2018-10-23,10/28/18,0,1,41.90986357,-87.7363803,13090,0,4/26/17,4/26/18,2013,Hyundai,Santa Fe,93948,0,0,1
5,1,188512.6,2017-12-08,12/12/17,1,1,41.88438238,-87.62761347,28230,1,7/24/16,7/24/17,2009,Subaru,Outback,183780,0,0,1
2,3,289034.6,2018-09-26,9/26/18,1,2,41.75889574,-87.5840765,1350,0,1/15/17,1/15/18,2006,Honda,Accord,279696,0,0,0
5,3,176427.2,2016-04-17,4/17/16,0,1,41.89747568,-87.62836809,2277,0,1/8/15,1/8/16,2009,Ford,Escape,161616,0,0,0
1,3,79124.3,2018-09-30,10/14/18,0,1,41.91696685,-87.73335306,2070,0,4/6/17,4/6/18,2010,Ford,F-150,76086,1,0,0
4,3,70100.4,2017-02-12,2/18/17,1,1,41.80196297,-87.61617093,1940,0,4/1/16,4/1/17,2014,Chevrolet,Malibu,60804,0,0,0
5,1,81047.6,2016-10-24,10/28/16,0,1,41.92196157,-87.66509222,21480,1,3/12/15,3/11/16,2013,Mercedes,GLE,68904,0,0,1
5,3,178149.5,2017-05-17,5/17/17,1,4,41.96107617,-87.64598137,1610,0,7/1/16,7/1/17,2009,Ford,Explorer,173040,0,0,0
3,3,173820.1,2018-09-20,9/29/18,0,1,41.87626181,-87.68146423,1610,0,2/4/17,2/4/18,2011,Honda,Civic,160524,0,0,0
1,1,83868.7,2018-02-15,2/26/18,0,1,41.89111508,-87.75805613,35480,1,5/1/17,5/1/18,2014,Ford,Fusion,80976,0,0,1
1,1,68838.7,2018-02-14,2/20/18,1,2,41.93952777,-87.69347386,26440,1,3/16/17,3/16/18,2015,Hyundai,Sonata,64524,0,0,1
5,3,99222,2016-12-04,12/9/16,1,1,41.75621011,-87.63134494,1020,0,8/25/15,8/24/16,2008,Honda,CR-V,88848,1,0,0
2,3,130177.5,2018-05-27,6/2/18,0,1,41.96637821,-87.72182581,2910,0,7/4/17,7/4/18,2012,Kia,Forte,128760,0,0,0
1,1,484293,2017-10-14,10/25/17,1,4,41.82622161,-87.70465031,14430,1,3/27/16,3/27/17,1991,Ford,E-Series,470892,0,0,1
1,1,75725.8,2018-08-19,8/20/18,1,1,41.75921204,-87.69517261,34470,1,4/7/17,4/7/18,2012,GMC,Sierra,62748,1,0,1
1,3,135179.7,2016-04-20,4/29/16,0,1,41.97244295,-87.77809642,1184.5,0,11/18/15,11/17/16,2010,Ford,Explorer,122040,0,0,0
4,3,340870.7,2018-07-18,7/31/18,1,1,41.73668011,-87.57585698,3369.5,0,8/9/17,8/9/18,2004,Cadillac,XT5,325932,0,0,0
5,3,180706.3,2017-05-01,5/6/17,1,1,41.75848317,-87.61704136,15750,0,1/9/16,1/8/17,2008,Honda,Odyssey,175296,0,0,1
3,1,216747.3,2018-07-13,7/21/18,0,1,41.8819952,-87.62764725,31855,1,1/7/17,1/7/18,2008,Honda,Civic,207252,0,0,1
3,1,344986.8,2017-08-30,9/13/17,1,1,41.8560506,-87.62403663,44700.5,1,6/27/16,6/27/17,2000,Jeep,Compass,343860,0,0,1
4,3,81690.7,2016-03-14,3/14/16,0,3,41.82291859,-87.68177863,1870,0,8/27/15,8/26/16,2013,Toyota,Sienna,67788,0,0,0
1,1,185142,2018-02-25,3/7/18,1,1,41.82100687,-87.68491087,21505,1,11/19/17,11/19/18,2009,Ford,Edge,180960,0,0,1
1,1,171947.6,2018-04-22,4/27/18,1,1,41.87810931,-87.63941452,36180,1,9/19/17,9/19/18,2010,Chevrolet,Express,170304,0,0,1
4,3,197579.6,2016-05-03,5/13/16,1,1,41.77641134,-87.70322589,2495.5,0,5/10/15,5/9/16,2006,Nissan,Sentra,195240,0,0,0
5,1,49732.6,2016-05-10,5/24/16,1,1,41.81715064,-87.70447558,33465,1,6/3/15,6/2/16,2012,Hyundai,Sonata,43296,1,0,1
2,3,174632.9,2016-10-10,10/18/16,0,1,41.84468662,-87.70218762,2490,0,7/16/15,7/15/16,2009,Mazda,CX-5,167748,0,1,0
2,1,75214.1,2017-08-20,8/20/17,0,1,41.75496217,-87.72335908,34010,1,5/8/16,5/8/17,2014,Jeep,Cherokee,63180,0,0,1
2,2,307061.4,2018-12-05,12/18/18,0,3,42.01864441,-87.69033068,2587.5,0,7/6/17,7/6/18,2005,Toyota,Highlander,293052,0,0,0
4,3,125724.7,2016-04-09,4/9/16,0,1,41.73653921,-87.60485428,1840,0,4/16/15,4/15/16,2011,Ford,F-150,119820,0,0,0
4,3,132430.5,2017-06-16,6/19/17,0,1,41.75091814,-87.62469012,2680,0,9/1/16,9/1/17,2011,Ford,F-150,131904,0,0,0
4,3,306663.3,2017-05-22,6/2/17,0,3,41.9189432,-87.64868497,1740,0,10/1/16,10/1/17,2003,Chevrolet,Cruze,305256,0,0,0
1,3,54666,2018-11-04,11/6/18,1,1,41.76961386,-87.58380275,17360,0,9/17/17,9/17/18,2013,Nissan,Versa,53910,1,0,1
2,1,156331.1,2017-04-15,4/28/17,1,1,41.83108107,-87.62932962,39370,1,1/24/16,1/23/17,2010,Acura,MDX,155112,0,0,1
4,1,294721.7,2018-04-07,4/14/18,1,1,41.87707459,-87.73547397,40180,1,8/25/17,8/25/18,2005,Chevrolet,Camaro,287184,0,0,1
5,1,108549.4,2017-11-13,11/26/17,1,1,41.79342111,-87.67601718,16100,1,7/11/16,7/11/17,2012,Ford,Focus,95604,0,0,1
5,1,142624.1,2018-02-19,2/19/18,0,2,41.75571944,-87.66371778,37500,1,3/7/17,3/7/18,2003,Honda,Civic,141156,1,0,1
2,3,337901.9,2018-01-27,2/7/18,0,1,41.97321459,-87.65992981,2540,0,3/5/17,3/5/18,2003,Subaru,Outback,333900,0,0,0
5,1,185161.6,2017-11-06,11/14/17,1,1,41.8689511,-87.68595494,21300,1,9/21/16,9/21/17,2009,Ford,F-150,175704,0,0,1
4,3,227235.4,2017-01-30,2/11/17,0,1,41.91750705,-87.68483345,2550,0,7/23/16,7/23/17,2006,Ford,F-150,224052,0,0,0
1,3,143306.8,2017-06-06,6/6/17,0,2,41.65899807,-87.61656564,1740,0,9/8/16,9/8/17,2010,Mercedes,GLC,131856,0,0,0
1,1,177427.9,2017-07-16,7/27/17,1,1,41.88790266,-87.61792719,25010,1,6/9/16,6/9/17,2010,Chrysler,Pacifica,164316,0,0,1
5,1,73180.9,2017-09-19,10/1/17,1,1,41.9538639,-87.73666352,32710,1,4/5/16,4/5/17,2014,Chevrolet,Colorado,64692,0,0,1
4,3,305265.3,2017-11-10,11/10/17,0,1,42.00521203,-87.67360748,1100,0,10/12/16,10/12/17,2001,Subaru,Legacy,292032,0,0,0
1,3,328467.1,2017-02-19,2/22/17,0,1,41.97527517,-87.74247233,1690,0,4/22/16,4/22/17,2002,Ford,Focus,314460,0,0,0
3,3,238721.3,2017-01-26,2/9/17,1,2,41.99807872,-87.66060728,2760,0,1/6/16,1/5/17,2006,Toyota,Tacoma,235356,0,0,0
1,3,132835.1,2016-08-12,8/15/16,0,3,41.74800268,-87.56631806,2730,0,2/17/15,2/17/16,2009,Mazda,CX-5,127764,0,0,0
1,3,46852.6,2018-05-30,6/2/18,1,1,41.76913734,-87.63273958,1840,0,5/11/17,5/11/18,2016,Lexus,ES,45120,0,1,0
5,3,80957.8,2016-03-03,3/8/16,1,1,41.74933329,-87.5827846,1700,0,9/9/15,9/8/16,2012,Kia,Sportage,79632,0,0,0
1,1,231403.5,2017-01-27,1/31/17,1,1,41.87553265,-87.63380389,27910,1,8/6/16,8/6/17,2007,Dodge,Ram,226200,0,0,1
1,3,286606.9,2018-04-10,4/11/18,0,1,41.81715064,-87.70447558,2340,0,11/23/17,11/23/18,2004,Dodge,Ram,273660,0,0,0
3,1,165202.8,2017-05-20,6/1/17,0,1,41.89182517,-87.62522291,19895,1,8/18/16,8/18/17,2009,Ford,F-150,162576,0,0,1
5,3,94650.8,2016-09-21,10/3/16,0,1,41.90281543,-87.62477194,1890,0,6/28/15,6/27/16,2008,Dodge,Ram,89712,1,0,0
1,3,102776.7,2018-06-24,6/30/18,0,1,41.78911255,-87.70357973,2320,0,3/6/17,3/6/18,2013,Nissan,Maxima,93516,0,0,0
5,3,138449.1,2016-07-02,7/16/16,0,1,41.74348841,-87.62925563,2330,0,9/14/15,9/13/16,2010,Subaru,Impreza,135576,0,0,0
2,1,307119,2018-10-27,11/6/18,1,1,41.94563032,-87.7795874,25580,1,9/13/17,9/13/18,2004,Nissan,Rogue,299040,0,0,1
3,1,201570.4,2018-04-07,4/20/18,0,1,41.90203213,-87.76586813,16150,1,7/11/17,7/11/18,2008,Ford,Explorer,190728,0,0,1
1,1,129285.5,2017-06-03,6/12/17,0,2,41.95060124,-87.70777873,2460,1,8/24/16,8/24/17,2011,Nissan,Altima,117756,0,0,0
5,3,308651.5,2018-01-13,1/17/18,0,1,41.77514086,-87.58644197,3059,0,10/4/17,10/4/18,2004,Chevrolet,Trax,298836,0,0,0
5,3,133620.4,2018-11-29,12/13/18,1,2,41.92625049,-87.72376752,3001.5,0,9/9/17,9/9/18,2012,Honda,HR-V,122064,0,1,0
2,3,208030.1,2017-11-21,11/25/17,0,1,41.82120572,-87.68782409,1620,0,8/11/16,8/11/17,2007,Toyota,Camry,202080,0,1,0
3,3,87645.6,2016-11-09,11/21/16,1,1,41.8443248,-87.71106732,1850,0,6/4/15,6/3/16,2007,Subaru,XV Crosstrek,84078,1,0,0
3,3,223745,2017-07-23,7/25/17,1,1,41.82331473,-87.70944467,3151,0,10/5/16,10/5/17,2007,Nissan,Rogue,213948,0,0,0
3,1,75241.2,2016-04-26,4/26/16,1,1,41.95424408,-87.66429422,26480,1,9/8/15,9/7/16,2013,Mazda,3,61884,0,0,1
1,1,95707.7,2018-03-03,3/4/18,1,6,41.75682634,-87.60773662,2270,1,9/17/17,9/17/18,2014,Toyota,Camry,82800,0,0,0
1,3,102842.3,2016-08-22,8/30/16,0,1,41.87675959,-87.74319833,2980,0,10/5/15,10/4/16,2011,Kia,Soul,94260,0,0,0
2,3,140008.7,2017-12-24,12/28/17,0,1,41.97504399,-87.74813332,2702.5,0,4/2/16,4/2/17,2010,Toyota,Prius,134112,0,0,0
5,1,73848,2016-06-16,6/27/16,1,1,41.81523427,-87.74350719,25750,1,11/13/15,11/12/16,2013,Nissan,Maxima,63108,0,0,1
3,3,236296.9,2016-12-02,12/6/16,1,1,41.79380306,-87.69365621,16479.5,0,2/24/15,2/24/16,2006,Ford,Mustang,232920,0,0,1
2,3,95001.3,2017-04-17,4/30/17,0,1,41.90735031,-87.64917064,1320,0,5/4/16,5/4/17,2013,Ford,Focus,90720,0,0,0
5,3,195871.1,2016-07-07,7/20/16,0,2,41.9281323,-87.64900381,1800,0,4/8/15,4/7/16,2008,Toyota,Highlander,183360,0,0,0
1,3,138018.7,2018-03-31,4/7/18,0,2,41.87397054,-87.67405591,2900,0,1/18/17,1/18/18,2005,Toyota,Tundra,132210,1,0,0
5,1,54286.9,2018-04-13,4/18/18,1,2,41.83586273,-87.71592574,25783,1,11/4/17,11/4/18,2016,Ford,F-150,43956,0,0,1
4,3,308074.6,2018-03-23,4/4/18,0,1,41.76602778,-87.57644312,1640,0,1/6/17,1/6/18,2003,Honda,HR-V,293640,0,0,0
3,3,261520.9,2018-04-09,4/9/18,0,4,41.8727629,-87.73535452,1230,0,4/11/17,4/11/18,2006,Mazda,CX-5,256032,0,0,0
5,3,363041.8,2017-06-16,6/24/17,0,1,41.886907,-87.76524647,2806,0,11/22/16,11/22/17,2001,GMC,Yukon,356628,0,0,0
5,1,204455,2017-03-10,3/21/17,1,2,41.78074798,-87.74221955,21942,1,1/13/17,1/13/18,1999,Lexus,RX,189564,1,0,1
1,4,67515.7,2018-12-27,1/10/19,0,1,41.76526572,-87.63481053,21940,1,3/21/17,3/21/18,2015,Ford,Fusion,65472,0,0,1
5,3,72863,2018-03-05,3/18/18,0,3,41.88576112,-87.63259515,1518,0,6/19/17,6/19/18,2015,Honda,CR-V,68172,0,0,0
5,3,116695.6,2017-11-11,11/12/17,0,2,41.9038651,-87.63129704,2185,0,10/17/16,10/17/17,2005,Hyundai,Santa Fe,109746,1,0,0
5,1,361090.7,2017-12-17,12/31/17,1,1,41.85151057,-87.73444965,22960,1,11/10/16,11/10/17,1999,Audi,Q5,349032,0,0,1
2,3,44409.2,2017-06-10,6/22/17,0,1,41.69343728,-87.62082863,2650,0,6/16/16,6/16/17,2015,Acura,RDX,40452,0,0,0
1,3,115895.8,2016-07-08,7/20/16,1,2,41.72284736,-87.53785564,2590,0,11/22/15,11/21/16,2005,Mercedes,C Class,110088,1,0,0
5,3,279528,2017-05-29,6/2/17,1,3,41.83391103,-87.67675307,2790,0,7/2/16,7/2/17,2004,Jeep,Renegade,270816,0,0,0
5,3,72892.4,2018-02-07,2/8/18,0,1,41.99771305,-87.69714823,1495,0,8/14/17,8/14/18,2015,Chevrolet,Malibu,64584,0,1,0
2,3,149509.8,2017-01-16,1/22/17,1,1,41.8784571,-87.76458323,1300,0,4/12/16,4/12/17,2004,Ford,F-150,142818,1,0,0
3,3,333342.5,2018-07-09,7/9/18,0,1,41.79223626,-87.78185617,1989.5,0,5/4/17,5/4/18,2003,Ford,F-150,321264,0,0,0
1,3,84117.4,2018-10-03,10/13/18,0,1,41.95555328,-87.72291058,2940,0,4/3/17,4/3/18,2014,Honda,CR-V,77856,0,1,0
1,3,198974.1,2018-08-22,8/26/18,1,1,41.91516536,-87.62773146,1510,0,10/18/17,10/18/18,2008,Nissan,Rogue,191808,0,0,0
2,3,447955.5,2017-09-01,9/12/17,0,1,41.7558424,-87.56616466,2120,0,7/1/16,7/1/17,1997,Nissan,Pathfinder,439392,0,0,0
1,3,124367.6,2017-12-02,12/5/17,1,1,41.71935007,-87.57635162,2720,0,2/27/16,2/26/17,2011,Chrysler,Pacifica,115032,0,0,0
3,1,211101.2,2017-03-13,3/21/17,1,1,41.91560047,-87.71461513,40210,1,9/12/16,9/12/17,2008,Dodge,Grand Caravan,206292,0,1,1
5,3,300126.9,2017-01-06,1/9/17,1,3,41.92620258,-87.70597801,2810,0,6/12/16,6/12/17,2004,GMC,Sierra,292872,0,0,0
3,3,213462.2,2016-06-11,6/25/16,0,3,41.95606345,-87.67623877,2430,0,4/22/15,4/21/16,2005,Ford,Escape,208428,0,0,0
1,1,220823.3,2017-09-03,9/10/17,1,3,41.86322023,-87.66644157,25950,1,10/14/16,10/14/17,2008,Dodge,Grand Caravan,211956,0,0,1
1,1,184111,2018-04-12,4/15/18,1,1,41.89524831,-87.73851646,26310,1,10/11/17,10/11/18,2010,Kia,Forte,173016,0,0,1
1,1,86038.3,2018-09-05,9/12/18,0,1,41.79242379,-87.77342685,19640,1,4/14/17,4/14/18,2014,Hyundai,Sonata,80376,0,0,1
3,1,174636.6,2017-09-22,10/5/17,1,3,41.88563256,-87.62637276,27330,1,6/16/16,6/16/17,2001,Subaru,Outback,170964,1,0,1
3,1,332876.7,2016-07-31,8/5/16,1,1,41.74468949,-87.54056648,20660,1,1/14/15,1/14/16,1999,Chevrolet,Express,321708,0,0,1
2,3,140572.3,2016-01-05,1/10/16,0,1,41.96464477,-87.72807656,2990,0,1/26/15,1/26/16,2010,Chevrolet,Cruze,126432,0,0,0
1,1,300330.5,2017-09-02,9/2/17,1,1,41.88670756,-87.62788348,23430,1,5/22/16,5/22/17,2002,Honda,Pilot,289416,0,0,1
1,3,140548.8,2017-07-13,7/19/17,0,1,41.77589338,-87.73498436,2520,0,1/18/16,1/17/17,2011,Dodge,Ram,134160,0,0,0
3,3,130554.9,2017-04-29,5/13/17,1,1,41.75750224,-87.64436587,2288.5,0,10/15/16,10/15/17,2010,Nissan,Versa,128328,0,0,0
2,3,108406.4,2018-11-15,11/18/18,0,1,41.70945377,-87.6904949,2750,0,10/1/17,10/1/18,2013,Ford,Mustang,95220,0,0,0
1,1,256792.2,2017-05-14,5/24/17,1,1,41.88338658,-87.65339165,42722.5,1,2/3/16,2/2/17,2006,BMW,X5,242664,0,0,1
5,3,130224.6,2017-09-15,9/29/17,1,4,41.99698472,-87.79769114,2553,0,7/26/16,7/26/17,2012,Ford,Expedition,115896,0,0,0
1,1,371667.6,2018-05-11,5/20/18,0,1,41.99511164,-87.76475292,40951.5,1,4/17/17,4/17/18,2000,Volkswagen,Golf,357804,0,0,1
5,1,123301,2016-07-02,7/12/16,0,1,41.85815867,-87.70679925,21190,1,10/22/15,10/21/16,2011,Hyundai,Tucson,108360,0,0,1
5,3,43102.3,2016-02-10,2/23/16,0,4,41.8377949,-87.68514875,3105,0,1/7/15,1/7/16,2014,Honda,Pilot,41232,0,0,0
3,3,237375.2,2017-02-15,2/15/17,0,4,41.76318923,-87.65421368,2840,0,1/6/16,1/5/17,2007,Dodge,Ram,234720,0,0,0
3,3,291106.8,2016-11-21,11/28/16,0,4,41.94868367,-87.64364976,1759.5,0,1/23/15,1/23/16,2002,Ford,Focus,287784,0,0,0
5,3,159402.5,2017-04-23,4/27/17,0,2,41.74596036,-87.55130152,2850,0,7/22/16,7/22/17,2010,Dodge,Grand Caravan,150972,0,0,0
3,1,81694.1,2017-02-01,2/5/17,0,1,41.88709142,-87.68398797,37743,1,7/23/16,7/23/17,2014,Subaru,Outback,66732,0,0,1
5,1,340733.3,2016-04-04,4/8/16,0,1,41.79867203,-87.74359878,27670,1,11/18/15,11/17/16,2002,Honda,CR-V,333312,0,0,1
5,3,108406.1,2018-07-27,8/8/18,1,1,41.65170129,-87.52749195,1391.5,0,4/14/17,4/14/18,2013,Subaru,Outback,98400,0,0,0
2,3,250497.1,2016-07-09,7/16/16,0,1,41.77677818,-87.72285872,1350,0,1/9/15,1/9/16,2005,Buick,Encore,243012,0,0,0
2,3,185278.8,2017-07-15,7/17/17,0,1,41.68313471,-87.55950484,2500,0,6/7/16,6/7/17,2008,Jeep,Grand Cherokee,181620,0,0,0
1,1,165705.6,2017-12-21,12/27/17,1,3,41.93173872,-87.73931233,14330,1,3/17/16,3/17/17,2009,Hyundai,Sonata,160668,0,0,1
3,3,138053.3,2016-03-05,3/18/16,0,1,41.89325533,-87.63715992,1529.5,0,8/24/15,8/23/16,2010,Honda,CR-V,127944,0,0,0
2,3,87155.7,2017-12-02,12/12/17,1,1,41.79426121,-87.70372717,1679,0,11/17/16,11/17/17,2013,Hyundai,Elantra,84612,0,0,0
1,3,257814.1,2018-05-08,5/13/18,0,3,41.87298295,-87.62752137,1529.5,0,10/3/17,10/3/18,2007,Subaru,XV Crosstrek,248004,0,0,0
1,1,90015.2,2016-05-23,6/5/16,1,4,41.89129618,-87.67677604,15270,1,9/10/15,9/9/16,2012,Hyundai,Elantra,87216,0,0,1
4,3,218841.1,2018-01-07,1/12/18,0,3,41.93502019,-87.66236702,1870,0,2/19/17,2/19/18,2007,Ford,Explorer,218304,0,0,0
3,3,137578.4,2017-04-18,4/22/17,0,1,41.96690952,-87.66924233,1943.5,0,1/7/16,1/6/17,2011,Lexus,ES,135084,0,0,0
3,1,399609,2017-03-03,3/16/17,1,4,41.78979082,-87.70359877,36075.5,1,1/18/16,1/17/17,1996,Ford,F-150,397332,0,0,1
1,1,207162.3,2018-05-04,5/5/18,1,1,41.802196,-87.72339108,29900,1,11/10/17,11/10/18,2008,Chevrolet,Silverado,201444,0,0,1
5,3,201842.1,2017-07-20,7/20/17,0,1,41.96523603,-87.66109019,1570,0,9/7/16,9/7/17,2007,Honda,Odyssey,200508,0,0,0
1,3,153946.9,2017-08-28,9/3/17,0,1,41.99686711,-87.79895448,1830,0,5/6/16,5/6/17,2011,Dodge,Ram,140592,0,0,0
2,1,207316.8,2018-02-01,2/6/18,1,4,41.75520424,-87.69215101,32750,1,5/25/17,5/25/18,2008,Subaru,Forester,199188,0,0,1
4,3,64351,2017-02-01,2/13/17,1,1,41.84803762,-87.64448944,2633.5,0,2/23/16,2/22/17,2014,Buick,Enclave,56964,0,0,0
5,3,216126.6,2016-06-15,6/24/16,0,1,41.72633413,-87.56686248,1210,0,8/20/15,8/19/16,2006,Kia,Sportage,201600,0,0,0
5,3,145813.8,2016-10-02,10/16/16,0,2,41.8992486,-87.62427498,1100,0,9/23/15,9/22/16,2009,Mazda,3,131712,0,0,0
3,3,238154.6,2017-09-29,10/2/17,0,1,41.78651813,-87.69353848,1380,0,8/15/16,8/15/17,2007,Jeep,Wrangler,233364,0,0,0
3,1,45837.6,2018-06-13,6/19/18,1,1,41.82261969,-87.6168177,36620,1,7/13/17,7/13/18,2016,Nissan,Versa,41232,0,0,1
5,1,215313.7,2017-05-15,5/26/17,1,3,41.87073773,-87.72041743,34780,1,8/19/16,8/19/17,2008,Subaru,Impreza,210756,0,1,1
1,1,91067.3,2016-08-25,9/8/16,0,2,41.82563103,-87.61039034,44470.5,1,11/10/15,11/9/16,2012,Hyundai,Santa Fe,80064,0,0,1
3,1,60490.1,2017-12-07,12/7/17,1,1,41.99418118,-87.68991422,32480,1,7/15/16,7/15/17,2011,Dodge,Challenger,59436,1,0,1
1,4,81872.5,2018-12-29,1/11/19,0,1,41.90252945,-87.66540931,15920,1,5/26/17,5/26/18,2015,Acura,MDX,70164,0,0,1
2,3,123870.9,2017-04-09,4/22/17,0,5,41.93681776,-87.72538629,1960,0,3/23/16,3/23/17,2012,Volkswagen,Golf,110364,0,0,0
2,3,162293.8,2017-11-17,11/30/17,0,1,41.78171036,-87.70063177,1170,0,4/8/16,4/8/17,2010,Dodge,Grand Caravan,147672,0,0,0
5,3,87566.6,2017-08-20,8/28/17,0,1,41.78000828,-87.62552251,1472,0,6/22/16,6/22/17,2013,Ford,F-150,82716,0,0,0
3,3,135080.9,2017-04-27,4/27/17,0,2,41.89280558,-87.7041558,2920,0,11/27/16,11/27/17,2011,Nissan,Maxima,131688,0,1,0
5,3,227752.1,2016-10-04,10/11/16,1,3,41.73554474,-87.67280128,1690,0,8/19/15,8/18/16,2006,Nissan,Pathfinder,221040,0,0,0
4,3,158505.7,2018-08-19,8/22/18,0,1,41.90372828,-87.63556801,1120,0,5/16/17,5/16/18,2010,Dodge,Charger,157176,0,0,0
1,1,125410.2,2017-04-12,4/20/17,0,4,41.78770561,-87.71929171,32640,1,1/21/16,1/20/17,2011,Toyota,Highlander,119160,0,0,1
3,3,99266.1,2016-10-07,10/16/16,0,1,41.85530714,-87.62949717,1500,0,4/28/15,4/27/16,2012,Acura,RDX,86496,0,0,0
2,4,171973.2,2018-12-15,12/19/18,1,1,41.85228788,-87.67572136,44367,1,5/21/17,5/21/18,2009,Jeep,Renegade,171024,0,0,1
2,3,153912.4,2017-08-09,8/22/17,0,1,41.8480616,-87.7026309,3128,0,1/6/16,1/5/17,2009,Hyundai,Elantra,150744,0,0,0
5,1,127955.1,2017-03-23,3/30/17,1,4,41.72532676,-87.68205465,22270,1,7/27/16,7/27/17,2011,Subaru,Forester,122940,0,0,1
3,3,206105.8,2017-09-18,10/2/17,0,1,41.77896886,-87.60575208,2599,0,11/20/16,11/20/17,2007,Kia,Soul,192444,0,0,0
3,1,195845.5,2017-09-14,9/18/17,1,1,41.73852748,-87.64170134,28760,1,2/7/16,2/6/17,2007,Chevrolet,Camaro,185520,0,0,1
5,1,114897.7,2018-04-05,4/14/18,0,4,41.97338891,-87.65116886,34770,1,4/25/17,4/25/18,2013,GMC,Acadia,110232,0,0,1
2,3,71310.5,2017-12-03,12/17/17,0,1,41.873217,-87.67567518,2771.5,0,4/12/16,4/12/17,2014,Kia,Sportage,60048,0,0,0
4,3,133117.4,2017-05-05,5/10/17,0,4,41.89111388,-87.62019942,1880,0,4/10/16,4/10/17,2011,Ford,Mustang,127440,0,0,0
1,3,136150.5,2017-12-15,12/27/17,0,1,41.87311796,-87.72555342,2820,0,2/12/16,2/11/17,2011,Jeep,Renegade,124080,0,0,0
3,3,60333.1,2017-10-08,10/21/17,1,1,41.96720478,-87.7390419,1368.5,0,6/2/16,6/2/17,2014,Toyota,Rav-4,56340,0,0,0
1,1,175019,2016-06-01,6/13/16,0,1,41.94003224,-87.63949853,33752.5,1,4/13/15,4/12/16,2009,Honda,Civic,167748,0,0,1
5,3,117850.5,2018-04-14,4/20/18,0,1,41.88462477,-87.61925432,2810,0,9/11/17,9/11/18,2008,Honda,Civic,106380,1,1,0
1,1,108129.2,2016-10-26,11/4/16,0,1,41.95855184,-87.64623776,34300,1,8/18/15,8/17/16,2011,Jeep,Cherokee,107160,0,0,1
1,1,208547.1,2018-10-16,10/17/18,1,1,41.95509798,-87.76721133,28250,1,4/24/17,4/24/18,2008,BMW,X5,203676,0,0,1
3,3,160946.7,2016-09-24,10/8/16,0,1,41.93177005,-87.7368781,2980,0,8/26/15,8/25/16,2009,Subaru,Forester,157920,0,0,0
5,3,74182.8,2018-05-11,5/16/18,0,1,41.9015163,-87.66384666,1250,0,5/2/17,5/2/18,2015,Chevrolet,Colorado,65004,0,0,0
5,3,45583.2,2016-11-10,11/17/16,0,1,41.83778218,-87.72056251,2670,0,9/26/15,9/25/16,2014,Chevrolet,Silverado,39432,0,0,0
3,1,38341.4,2016-06-15,6/28/16,1,2,41.89681668,-87.61682704,27610,1,9/3/15,9/2/16,2013,Jeep,Cherokee,27234,1,0,1
2,3,142357.9,2017-02-10,2/18/17,1,4,41.79486171,-87.61914773,2208,0,9/13/16,9/13/17,2010,Lexus,NX,141792,0,0,0
3,1,231083.4,2018-09-10,9/24/18,1,1,42.00251435,-87.7682954,18650,1,5/8/17,5/8/18,2006,Ford,Focus,227124,0,0,1
5,3,234552.8,2017-03-13,3/26/17,0,1,41.92939683,-87.76207487,2330,0,7/26/16,7/26/17,2006,Toyota,Highlander,222168,0,0,0
5,1,91465,2018-01-14,1/24/18,1,1,41.96784842,-87.71442391,20610,1,3/7/17,3/7/18,2014,Hyundai,Elantra,88908,0,0,1
3,1,187157,2017-02-19,2/28/17,1,4,41.77537131,-87.56963412,2863.5,1,5/25/16,5/25/17,2009,Hyundai,Sonata,180324,0,0,0
2,3,188259.7,2018-07-24,7/29/18,0,1,41.86262829,-87.61503109,1000,0,2/4/17,2/4/18,2010,Honda,HR-V,178368,0,0,0
5,1,35267,2017-02-20,2/27/17,1,1,41.8443652,-87.7244009,15040,1,3/14/16,3/14/17,2015,Toyota,Corolla,21156,1,0,1
2,1,67329.1,2017-01-17,1/22/17,0,4,41.95536537,-87.74727963,2932.5,1,3/13/16,3/13/17,2014,Toyota,Tundra,54312,0,0,0
3,1,144226.8,2016-09-16,9/18/16,1,1,41.99753989,-87.70700596,30400,1,1/20/15,1/20/16,2010,Hyundai,Tucson,138816,0,0,1
4,3,234498.3,2018-02-26,3/6/18,0,1,42.00903939,-87.6903184,2630,0,2/24/17,2/24/18,2008,Honda,Pilot,230400,0,0,0
4,1,35458.2,2016-02-05,2/17/16,1,1,41.75847858,-87.74152601,30540,1,6/27/15,6/26/16,2013,Volkswagen,Tiguan,31140,1,0,1
5,1,81629.9,2018-01-31,2/8/18,0,1,41.79932043,-87.72319071,22420,1,1/16/17,1/16/18,2014,Chevrolet,Silverado,78528,0,0,1
5,1,175519.6,2017-10-06,10/9/17,1,1,41.91000891,-87.72535418,26630,1,6/25/16,6/25/17,2008,Chevrolet,Silverado,164688,0,0,1
3,3,194933.4,2018-07-31,8/10/18,0,1,41.8876023,-87.67449183,1680,0,8/2/17,8/2/18,2009,Nissan,Maxima,190440,0,0,0
5,1,207329.5,2016-05-13,5/20/16,1,1,41.76486997,-87.65902415,41850,1,2/2/15,2/2/16,2006,Chevrolet,Traverse,204240,0,0,1
1,3,169419,2017-06-02,6/7/17,1,1,41.69432296,-87.67655019,2380,0,7/17/16,7/17/17,2009,Subaru,Impreza,154956,0,0,0
2,3,204767,2018-01-26,1/28/18,0,1,41.7641858,-87.58642639,1060,0,10/23/17,10/23/18,2009,Dodge,Journey,201552,0,0,0
2,3,43490.9,2017-06-21,6/26/17,0,1,41.94579529,-87.76451515,2357.5,0,11/8/16,11/8/17,2015,Hyundai,Sonata,41760,0,0,0
2,3,49801.1,2016-01-16,1/22/16,0,1,41.84375106,-87.70487246,2870,0,6/17/15,6/16/16,2014,Hyundai,Elantra,36336,0,0,0
5,1,66079.7,2018-03-10,3/19/18,1,3,41.83418617,-87.67211975,21700,1,1/3/17,1/3/18,2015,Chevrolet,Malibu,62784,0,0,1
2,3,72761.8,2016-02-14,2/22/16,1,1,41.99468602,-87.71459314,1140,0,6/11/15,6/10/16,2013,Nissan,Frontier,60300,0,0,0
1,3,63252.7,2018-06-02,6/9/18,0,1,41.91811678,-87.78533528,2860,0,4/11/17,4/11/18,2015,Mazda,CX-5,57420,0,0,0
5,1,72466.3,2018-01-14,1/20/18,1,1,41.77704855,-87.66888563,30080,1,1/3/17,1/3/18,2015,Chevrolet,Silverado,64020,0,0,1
1,1,474874,2017-03-09,3/11/17,1,2,41.95711815,-87.73400291,26520,1,8/26/16,8/26/17,1996,Nissan,Maxima,473256,0,0,1
4,3,593427.4,2018-09-05,9/14/18,0,1,41.87741284,-87.6766909,2990,0,2/15/17,2/15/18,1993,Chevrolet,Cruze,585828,0,0,0
5,1,47319.2,2018-04-16,4/25/18,0,3,41.88538966,-87.66682582,29060,1,9/24/17,9/24/18,2016,Volkswagen,Jetta,46704,0,0,1
2,3,191901.8,2017-07-31,7/31/17,0,1,41.84760841,-87.62046048,2890,0,11/24/16,11/24/17,2009,Hyundai,Santa Fe,180360,0,0,0
1,2,167827,2018-12-30,1/6/19,0,1,41.95042134,-87.68850982,2540,0,6/17/17,6/17/18,2010,Chevrolet,Malibu,155664,0,0,0
4,1,192928.4,2018-03-04,3/9/18,1,1,42.01118202,-87.66289497,35178.5,1,9/7/17,9/7/18,2010,Dodge,Ram,183180,0,0,1
1,3,89994.9,2018-06-29,7/13/18,0,1,41.93350826,-87.772253,2440,0,10/18/17,10/18/18,2014,Nissan,Pathfinder,85620,0,0,0
1,3,437657.7,2017-06-16,6/30/17,0,1,41.86703514,-87.64752208,3128,0,9/21/16,9/21/17,1998,Subaru,XV Crosstrek,423480,0,0,0
3,3,69409.6,2016-04-05,4/10/16,1,1,41.93791493,-87.76662131,1050,0,9/24/15,9/23/16,2010,Honda,CR-V,66276,1,0,0
3,1,226236.8,2018-01-11,1/13/18,1,3,41.88211763,-87.62767361,32867,1,6/15/17,6/15/18,2007,Ford,Escape,217932,0,0,1
3,1,112907.3,2017-08-19,8/31/17,1,1,41.78674894,-87.78174785,36170,1,7/25/16,7/25/17,2012,Chevrolet,Silverado,105600,0,0,1
2,3,187061.4,2018-05-29,6/8/18,0,1,41.78197998,-87.61581637,2875,0,1/12/17,1/12/18,2010,Toyota,Rav-4,179040,0,0,0
5,1,65337.8,2018-01-30,2/4/18,1,1,41.97908367,-87.66009105,31240,1,10/19/17,10/19/18,2015,Nissan,Altima,61212,0,0,1
3,1,64730.9,2017-11-19,11/25/17,1,1,41.87324546,-87.74511718,34200,1,4/24/16,4/24/17,2011,Toyota,Corolla,61908,1,0,1
4,3,60668.3,2017-07-22,7/24/17,1,1,41.856717,-87.68317452,2110,0,6/17/16,6/17/17,2015,Ford,F-150,47544,0,0,0
1,1,214026.3,2017-01-04,1/13/17,1,1,41.97620114,-87.90530913,39928,1,10/26/16,10/26/17,2008,Honda,Accord,202608,0,0,1
2,3,183947.6,2018-09-21,9/22/18,0,4,42.01218799,-87.69937653,1110,0,2/19/17,2/19/18,2010,Honda,Pilot,179460,0,0,0
4,3,46207.7,2017-12-20,12/23/17,0,2,41.91721463,-87.73138856,3381,0,10/4/16,10/4/17,2013,Mercedes,GLE,42522,1,0,0
4,3,336005.4,2018-09-21,10/1/18,0,2,41.78309273,-87.72303138,1740,0,5/3/17,5/3/18,2001,Mazda,CX-5,327516,0,0,0
5,1,141209.2,2016-01-18,2/1/16,1,1,41.91573795,-87.70026226,26300,1,4/21/15,4/20/16,2010,Volkswagen,Jetta,130824,0,0,1
1,3,91105.5,2018-02-28,3/14/18,1,1,41.95376417,-87.72716599,1040,0,2/7/17,2/7/18,2014,Honda,CR-V,81072,0,1,0
2,3,46620.6,2016-11-25,12/1/16,0,1,41.77469454,-87.7420133,1800,0,9/27/15,9/26/16,2014,Subaru,Outback,43200,0,0,0
3,3,107685.7,2018-07-12,7/23/18,0,1,41.89941925,-87.64290547,1550,0,10/8/17,10/8/18,2013,Toyota,Highlander,97200,0,0,0
3,1,110135.5,2017-03-06,3/9/17,1,1,41.89585492,-87.6867234,14170,1,5/19/16,5/19/17,2012,Hyundai,Tucson,103500,0,0,1
5,3,228054.5,2016-02-19,2/28/16,1,1,41.66335924,-87.64109301,2714,0,11/21/15,11/20/16,2004,Chevrolet,Colorado,217728,0,0,0
4,3,254798.3,2018-03-06,3/9/18,0,1,41.70601709,-87.70630299,1260,0,9/2/17,9/2/18,2005,Honda,HR-V,246480,0,0,0
2,3,130393.3,2017-06-21,6/21/17,0,3,41.994414,-87.76501259,1322.5,0,11/9/16,11/9/17,2011,Ford,E-Series,120444,0,0,0
5,3,297760.3,2018-06-23,6/28/18,0,1,41.89832188,-87.69071927,2310,0,10/13/17,10/13/18,2005,Jeep,Grand Cherokee,296880,0,0,0
3,1,131673.5,2017-11-15,11/24/17,0,1,41.79291088,-87.74207734,19150,1,1/17/16,1/16/17,2011,Ford,Explorer,123960,0,0,1
1,3,98440.5,2018-10-08,10/15/18,0,1,41.89674551,-87.63702944,3346.5,0,10/15/17,10/15/18,2009,Chevrolet,Malibu,93090,1,0,0
3,3,215608,2018-08-20,8/30/18,1,1,41.68539921,-87.61124747,18457.5,0,7/22/17,7/22/18,2008,Ford,Escape,214908,0,0,1
3,3,147014.6,2016-06-08,6/8/16,1,1,41.99701459,-87.81041348,2440,0,11/4/15,11/3/16,2010,Ford,F-150,140040,0,0,0
1,1,70340.3,2016-05-27,6/3/16,1,2,41.93127854,-87.75737779,33330,1,11/19/15,11/18/16,2009,GMC,Terrain,65604,1,0,1
1,1,329274.9,2017-06-29,7/13/17,1,1,41.84804957,-87.70529466,22440,1,8/3/16,8/3/17,2001,Dodge,Durango,319980,0,0,1
3,1,386204.8,2017-10-28,11/7/17,1,1,41.86736269,-87.6392932,30670,1,6/23/16,6/23/17,1998,Dodge,Charger,384396,0,0,1
1,1,131464.5,2017-11-27,11/29/17,1,2,41.87534439,-87.6633849,22011,1,6/12/16,6/12/17,2011,Nissan,Rogue,120192,0,0,1
1,3,258212,2017-10-17,10/28/17,0,1,41.69655382,-87.6090418,3231.5,0,2/22/16,2/21/17,2006,Dodge,Charger,245604,0,0,0
3,1,198984,2017-04-01,4/12/17,0,5,41.94103256,-87.72655279,2010,1,11/27/16,11/27/17,2007,Honda,CR-V,196908,0,0,0
4,3,146934.5,2018-11-06,11/6/18,1,1,41.96803936,-87.74028389,1020,0,1/7/17,1/7/18,2011,Toyota,Highlander,142200,0,0,0
5,3,210110.4,2018-02-08,2/14/18,0,1,41.74351584,-87.65855367,2060,0,5/10/17,5/10/18,2008,Dodge,Ram,205320,0,0,0
1,3,130550.1,2018-03-31,4/6/18,0,1,41.82336424,-87.67418596,2700,0,11/5/17,11/5/18,2013,Toyota,Tundra,117048,0,0,0
5,3,178289.7,2017-06-06,6/17/17,0,1,41.83804345,-87.72574496,2967,0,5/13/16,5/13/17,2009,Toyota,Highlander,165540,0,1,0
2,3,52294.1,2016-03-22,3/24/16,0,1,41.87073773,-87.72041743,2590,0,9/20/15,9/19/16,2014,Ford,F-150,47592,0,0,0
3,3,335121,2018-01-01,1/2/18,0,2,41.79330455,-87.72432934,2550,0,5/25/17,5/25/18,2004,Chevrolet,Equinox,323124,0,1,0
5,1,199785.6,2018-05-21,6/1/18,1,2,41.95029931,-87.72625431,21530,1,4/17/17,4/17/18,2000,Ford,Mustang,191700,1,0,1
1,1,119953.7,2016-04-14,4/24/16,1,1,41.8366502,-87.6558393,29960,1,11/22/15,11/21/16,2011,Toyota,Corolla,107940,0,0,1
2,3,119978.3,2016-11-12,11/12/16,0,1,41.87641197,-87.65685532,2420,0,4/10/15,4/9/16,2011,Volkswagen,Jetta,105120,0,1,0
3,1,287762.9,2016-12-30,1/13/17,1,1,41.75877663,-87.59553081,31980,1,11/18/15,11/17/16,2003,Jeep,Compass,274404,0,0,1
2,3,302054.1,2017-03-24,4/5/17,0,2,41.74250705,-87.56959648,1500,0,5/25/16,5/25/17,2004,Toyota,Rav-4,294372,0,0,0
2,3,153700.1,2017-09-16,9/26/17,0,1,41.96860115,-87.70405343,1680,0,8/4/16,8/4/17,2009,Jeep,Grand Cherokee,148896,0,0,0
1,1,114307.8,2017-07-07,7/9/17,1,1,41.77863843,-87.73380828,30015,1,4/10/16,4/10/17,2011,Honda,CR-V,111996,0,0,1
3,3,186150.9,2016-05-02,5/9/16,1,1,41.66334431,-87.62197855,1030,0,11/25/15,11/24/16,2008,Cadillac,XT5,175200,0,0,0
3,3,145273.3,2016-04-26,5/8/16,0,1,41.74186459,-87.73966907,2725.5,0,6/22/15,6/21/16,2009,BMW,X5,132636,0,0,0
1,3,157835.7,2017-07-25,8/7/17,0,1,41.92933201,-87.71237288,16040,0,4/6/16,4/6/17,2010,Nissan,Rogue,147276,0,0,1
5,4,122705,2018-12-03,12/3/18,1,1,41.798054,-87.70353796,37380,1,5/19/17,5/19/18,2012,Kia,Soul,115848,0,0,1
2,3,124151.5,2018-06-20,6/28/18,1,2,41.75306195,-87.59948303,2090,0,11/26/17,11/26/18,2012,Jeep,Compass,120012,0,0,0
1,3,22756.4,2017-12-06,12/11/17,0,1,41.93977619,-87.63865432,2970,0,9/2/16,9/2/17,2016,Ford,F-150,18348,0,0,0
4,3,209957.6,2018-02-04,2/12/18,0,2,41.82361373,-87.62571011,1670,0,6/26/17,6/26/18,2008,Acura,MDX,206772,0,0,0
5,3,382844.8,2016-09-15,9/26/16,0,1,41.85287759,-87.61380888,1230,0,2/16/15,2/16/16,1998,Honda,Odyssey,373680,0,0,0
1,1,422792.1,2018-06-10,6/11/18,0,1,41.78693165,-87.64511245,34160,1,3/2/17,3/2/18,1997,Ford,Expedition,413028,0,0,1
3,3,259674.7,2017-02-25,3/3/17,0,1,41.77113275,-87.57169163,2560,0,7/18/16,7/18/17,2003,Toyota,Rav-4,256392,0,0,0
3,3,147349.3,2017-08-23,8/26/17,1,1,41.69846607,-87.71343165,1380,0,8/24/16,8/24/17,2010,Chevrolet,Colorado,143016,0,0,0
1,3,50931.7,2018-06-04,6/15/18,0,1,41.87928785,-87.64967929,1288,0,3/8/17,3/8/18,2016,Ford,F-150,43584,0,0,0
5,3,190225.7,2017-12-17,12/26/17,1,2,41.97908858,-87.68507235,1150,0,8/7/16,8/7/17,2008,Chevrolet,Impala,188808,0,0,0
5,3,272119.8,2018-02-24,3/9/18,1,1,41.87565854,-87.62440494,2560,0,2/9/17,2/9/18,2005,Cadillac,XT5,260124,0,0,0
5,1,240753.5,2016-12-23,1/3/17,1,4,41.77057869,-87.61553541,37869.5,1,9/15/15,9/14/16,2005,Ford,Escape,232188,0,0,1
5,1,127346.5,2017-11-18,11/22/17,1,1,41.8648905,-87.67634267,25320,1,7/24/16,7/24/17,2011,Nissan,Rogue,116580,0,1,1
2,3,189012.9,2017-12-11,12/23/17,0,1,41.69201739,-87.67320262,2340,0,5/15/16,5/15/17,2007,Ford,Explorer,187428,0,0,0
1,1,55748.4,2018-07-01,7/13/18,1,1,41.79463883,-87.63226705,33360,1,4/14/17,4/14/18,2013,Chevrolet,Malibu,47520,1,0,1
1,3,263171,2017-12-03,12/6/17,1,1,41.88914494,-87.62943658,2970,0,5/23/16,5/23/17,2003,Ford,Focus,260904,0,0,0
5,1,175335,2018-05-25,6/5/18,1,1,41.89143226,-87.75200761,27520,1,6/6/17,6/6/18,2003,Audi,Q5,165240,1,0,1
1,1,147273.5,2017-08-01,8/9/17,0,5,41.73677557,-87.60354803,2040,1,11/10/16,11/10/17,2002,Ford,Edge,142020,1,1,0
2,3,46993.2,2017-02-16,2/17/17,1,1,41.75466012,-87.74138476,1090,0,10/7/16,10/7/17,2015,Nissan,Rogue,43320,0,0,0
1,3,255679.4,2018-04-02,4/9/18,0,3,41.72692495,-87.66023154,1120,0,5/10/17,5/10/18,2006,Acura,MDX,242148,0,0,0
1,3,122033.3,2017-07-15,7/20/17,0,1,41.88692445,-87.62571231,1180,0,4/20/16,4/20/17,2012,Kia,Sportage,111300,0,1,0
3,3,289082,2018-07-12,7/25/18,0,1,41.70719854,-87.61416259,1280,0,1/24/17,1/24/18,2005,Chevrolet,Camaro,276156,0,0,0
2,3,223509.5,2017-09-27,9/28/17,0,1,41.90243796,-87.62359866,2230,0,8/19/16,8/19/17,2006,Acura,MDX,219552,0,0,0
1,1,146132.5,2018-04-30,5/3/18,1,3,42.01807519,-87.66583922,23370,1,7/18/17,7/18/18,2012,Honda,CR-V,132312,0,0,1
5,3,131021.8,2017-08-31,9/7/17,1,1,41.93273975,-87.64243739,3070.5,0,9/5/16,9/5/17,2011,Jeep,Cherokee,123324,0,0,0
5,3,238591.1,2017-09-17,9/30/17,1,1,41.75829349,-87.62468287,1860,0,3/23/16,3/23/17,2006,Dodge,Ram,223848,0,0,0
3,1,210488.1,2017-11-03,11/5/17,1,1,41.92765122,-87.77083553,33640,1,10/1/16,10/1/17,2008,Nissan,Frontier,202608,0,0,1
1,3,223844.5,2018-01-31,2/4/18,0,1,41.98661416,-87.66471962,2450,0,1/9/17,1/9/18,2007,Nissan,Sentra,212652,0,0,0
5,3,304660.4,2017-01-07,1/12/17,0,1,41.94218017,-87.77981891,1210,0,8/16/16,8/16/17,2004,Kia,Forte,302496,0,0,0
3,1,231549.7,2016-04-17,4/17/16,0,1,41.80787826,-87.7142872,19100,1,10/22/15,10/21/16,2005,Chevrolet,Tahoe,229944,0,0,1
5,1,47995.5,2017-11-10,11/22/17,0,1,41.97228597,-87.68917799,39192,1,7/3/16,7/3/17,2015,Jeep,Wrangler,36288,0,0,1
5,4,148361.8,2018-12-29,1/11/19,0,2,41.99761869,-87.68993948,36670,1,6/24/17,6/24/18,2011,Kia,Sportage,137916,0,0,1
5,3,157911.7,2017-09-19,10/1/17,0,1,41.90939375,-87.77160833,1242,0,1/3/16,1/2/17,2010,Ford,Expedition,147552,0,0,0
4,3,112332.7,2018-09-20,9/22/18,0,1,41.87385159,-87.70116353,2070,0,2/1/17,2/1/18,2013,Toyota,Tacoma,97452,0,0,0
1,1,158389.2,2017-08-03,8/12/17,0,1,41.9905322,-87.69925788,19960,1,10/12/16,10/12/17,2009,Toyota,Rav-4,148452,0,0,1
3,3,330944.6,2018-04-16,4/23/18,0,4,41.87290507,-87.71577827,2240,0,9/1/17,9/1/18,2004,Jeep,Cherokee,323628,0,0,0
3,3,96194.6,2016-02-12,2/18/16,0,3,41.97975779,-87.66685579,1368.5,0,5/17/15,5/16/16,2012,Jeep,Wrangler,83520,0,0,0
3,1,158250.2,2016-04-15,4/28/16,0,2,41.87618617,-87.67667397,2900,1,5/16/15,5/15/16,2008,Ford,E-Series,144672,0,0,0
1,1,212712.4,2018-10-23,10/27/18,1,1,41.83030051,-87.67513202,17250,1,9/13/17,9/13/18,2008,Toyota,Camry,208692,0,1,1
1,3,113784.5,2016-10-27,11/3/16,1,1,41.76843541,-87.66619662,16070,0,2/8/15,2/8/16,2011,Chevrolet,Express,108720,0,1,1
1,1,134384.3,2018-10-04,10/16/18,0,4,41.90156995,-87.62805068,2320,1,10/1/17,10/1/18,2011,Volkswagen,Jetta,132384,0,0,0
1,1,154668.1,2016-11-09,11/20/16,0,6,41.75467175,-87.6151843,23270,1,11/18/15,11/17/16,2009,BMW,X5,146496,0,0,1
5,3,215695.2,2016-11-16,11/28/16,0,2,41.99494702,-87.67559118,2800,0,6/22/15,6/21/16,2007,Nissan,Rogue,213624,0,0,0
5,3,243752.9,2018-02-02,2/9/18,0,1,41.99661244,-87.76388952,1207.5,0,1/3/17,1/3/18,2007,Chevrolet,Silverado,230820,0,0,0
5,3,288559.8,2017-12-13,12/25/17,0,3,41.84569191,-87.70398667,2210,0,10/2/16,10/2/17,2005,Toyota,Camry,282072,0,0,0
1,3,333193,2017-08-22,8/25/17,0,1,41.98379071,-87.65676037,2870,0,8/27/16,8/27/17,1999,Jeep,Wrangler,330252,0,0,0
3,1,179727.1,2018-10-01,10/4/18,0,2,41.70836456,-87.53664293,32150,1,10/16/17,10/16/18,2009,Chevrolet,Equinox,167100,0,0,1
2,1,276095.7,2016-06-16,6/17/16,0,4,41.89247371,-87.6369618,2840,1,10/16/15,10/15/16,2004,Toyota,4Runner,267264,0,0,0
3,3,176085.3,2016-12-06,12/18/16,0,1,41.84595344,-87.68562033,2360,0,9/6/15,9/5/16,2007,Ford,Edge,169344,0,0,0
1,1,48924.8,2017-05-16,5/30/17,0,1,41.94603713,-87.67867776,23241.5,1,2/15/16,2/14/17,2015,Chevrolet,Malibu,43824,0,0,1
1,3,170098.8,2016-12-14,12/17/16,0,1,41.86651389,-87.7057336,3013,0,1/23/15,1/23/16,2008,Toyota,Rav-4,167424,0,0,0
2,3,329389.3,2016-05-29,6/4/16,0,1,41.8725215,-87.71702791,1300,0,8/26/15,8/25/16,1999,Subaru,Legacy,319056,0,0,0
3,2,410733.3,2018-12-22,1/1/19,0,2,41.75034044,-87.6731969,1480,0,3/3/17,3/3/18,2001,Honda,Odyssey,397032,0,0,0
2,1,119553.1,2018-06-20,6/23/18,0,1,41.78297618,-87.68661845,24564,1,8/26/17,8/26/18,2012,Toyota,4Runner,118452,0,0,1
5,1,140775.2,2016-02-26,2/28/16,1,5,41.7933845,-87.71832373,34971.5,1,9/28/15,9/27/16,2009,Mercedes,GLC,136164,0,0,1
3,1,282572,2018-07-06,7/10/18,1,1,42.01217058,-87.69017889,29740,1,9/13/17,9/13/18,2005,Kia,Forte,268440,0,0,1
5,3,298680.3,2018-06-24,7/5/18,0,1,41.88784576,-87.62474279,2730,0,3/17/17,3/17/18,2002,Chevrolet,Silverado,291840,0,0,0
1,3,149676.5,2018-11-28,12/12/18,0,4,41.70736526,-87.61757384,1730,0,2/20/17,2/20/18,2012,Chevrolet,Traverse,136812,0,1,0
5,1,183067.6,2018-04-10,4/13/18,0,1,41.92451644,-87.64857943,2070,1,3/7/17,3/7/18,2009,Hyundai,Tucson,174300,0,0,0
1,3,72474,2018-07-27,8/9/18,0,1,41.89903322,-87.62801021,1370,0,3/6/17,3/6/18,2015,Lexus,RX,57888,0,0,0
4,3,99939.5,2017-12-06,12/15/17,1,1,41.74342733,-87.63218113,2360,0,5/10/16,5/10/17,2013,GMC,Sierra,88212,0,0,0
5,3,43884.3,2018-10-10,10/17/18,0,1,41.80069675,-87.67707648,2720,0,4/8/17,4/8/18,2016,Chevrolet,Trax,39768,0,0,0
5,1,249100.5,2018-09-08,9/12/18,1,2,41.9754754,-87.65969701,32300,1,7/7/17,7/7/18,2005,Chevrolet,Traverse,243084,0,0,1
5,1,113337.4,2017-05-20,6/2/17,1,3,41.86973384,-87.64388867,40820,1,9/20/16,9/20/17,2007,Chevrolet,Equinox,107580,1,0,1
2,3,307948.5,2016-04-16,4/27/16,1,1,41.91148031,-87.80570726,2970,0,11/19/15,11/18/16,2001,Ford,F-150,299700,0,0,0
1,1,111764.5,2017-10-23,10/23/17,0,2,41.9423199,-87.6396318,21447.5,1,4/22/16,4/22/17,2012,Dodge,Grand Caravan,102948,0,0,1
2,3,211344,2016-04-29,5/2/16,1,3,41.89496867,-87.62939918,2390,0,4/20/15,4/19/16,2006,Ford,F-150,196440,0,0,0
2,3,37555.3,2018-01-19,1/31/18,0,1,41.78631361,-87.69373919,2553,0,6/25/17,6/25/18,2015,Subaru,Outback,29478,1,0,0
5,1,50208.6,2018-05-30,6/5/18,1,1,41.81669772,-87.61972258,31270,1,7/2/17,7/2/18,2013,Ford,Explorer,47610,1,0,1
1,3,110573.1,2016-01-25,2/2/16,0,3,41.73568058,-87.66442317,2470,0,9/11/15,9/10/16,2011,Toyota,Corolla,99420,0,0,0
2,3,45590.9,2017-03-13,3/27/17,0,1,41.94296486,-87.68832147,1725,0,9/5/16,9/5/17,2015,Jeep,Compass,36072,0,0,0
1,1,77063.6,2016-05-08,5/10/16,0,1,41.98291879,-87.7644046,39997,1,7/15/15,7/14/16,2010,Subaru,XV Crosstrek,63288,1,0,1
4,3,55268,2017-12-20,12/27/17,1,1,41.95037027,-87.70806697,2196.5,0,4/22/16,4/22/17,2015,Mercedes,E class,43032,0,0,0
2,3,271995.6,2017-10-06,10/6/17,0,5,41.78732836,-87.63193686,1770,0,11/19/16,11/19/17,2005,GMC,Acadia,268128,0,0,0
1,1,173970,2016-02-26,3/9/16,0,1,41.87795561,-87.77443116,17951.5,1,7/24/15,7/23/16,2008,Hyundai,Elantra,160800,0,0,1
1,1,123282.5,2016-06-25,6/28/16,0,1,41.76585804,-87.59598843,42021,1,7/3/15,7/2/16,2011,Toyota,Rav-4,111780,0,0,1
3,3,208666.4,2017-05-03,5/12/17,1,1,41.78159509,-87.65567067,2600,0,8/18/16,8/18/17,2007,Dodge,Grand Caravan,204144,0,0,0
4,3,52304,2018-07-08,7/19/18,0,5,41.924942,-87.6874964,2507,0,6/12/17,6/12/18,2016,Chevrolet,Malibu,42960,0,0,0
5,3,164412.2,2016-05-19,5/20/16,0,1,41.95370551,-87.73255098,1880,0,10/3/15,10/2/16,2007,Jeep,Wrangler,163512,0,0,0
1,3,216841.1,2017-02-23,2/24/17,1,1,41.70944207,-87.72088659,3208.5,0,3/12/16,3/12/17,2008,Ford,F-150,204984,0,0,0
2,3,489145.2,2018-07-04,7/15/18,0,1,41.92791992,-87.7465929,3128,0,11/19/17,11/19/18,1996,Mazda,CX-5,479688,0,0,0
5,3,97254.6,2018-05-10,5/22/18,1,1,41.97146136,-87.65545469,2580,0,5/1/17,5/1/18,2014,Subaru,Outback,88992,0,0,0
1,1,67509.3,2018-04-18,4/20/18,0,2,41.93640721,-87.7061727,2852,1,5/13/17,5/13/18,2015,Jeep,Cherokee,65124,0,0,0
5,3,155196.7,2016-11-06,11/19/16,0,2,41.81686515,-87.59868884,2500,0,8/11/15,8/10/16,2009,Ford,Escape,149268,0,1,0
1,2,203821.9,2018-12-04,12/7/18,1,1,41.90290483,-87.69673176,1970,0,5/12/17,5/12/18,2009,Toyota,Rav-4,189768,0,0,0
3,1,319284,2018-07-05,7/13/18,0,3,41.86748292,-87.6304928,38306.5,1,4/13/17,4/13/18,2005,Chevrolet,Tahoe,306576,0,0,1
1,1,365896.8,2018-03-12,3/13/18,1,1,41.8768543,-87.7450002,34650,1,10/22/17,10/22/18,2002,Subaru,Outback,357240,0,0,1
3,1,171574.7,2018-03-17,3/23/18,1,1,41.7661952,-87.56290818,19320,1,11/8/17,11/8/18,2010,Volkswagen,Jetta,160344,0,0,1
3,3,189257.3,2017-01-05,1/11/17,0,1,41.69223013,-87.66156571,1300,0,2/21/16,2/20/17,2008,Buick,Encore,177276,0,0,0
1,1,253050.4,2018-05-21,5/22/18,1,4,41.77125266,-87.72515807,38065,1,3/27/17,3/27/18,2005,Chevrolet,Trax,239424,0,0,1
2,1,78638.7,2018-10-14,10/23/18,1,1,41.73504969,-87.71669832,28750,1,6/7/17,6/7/18,2015,Ford,Explorer,64668,0,0,1
3,3,354487.7,2018-08-30,9/1/18,1,1,41.99773384,-87.69605085,2081.5,0,11/23/17,11/23/18,2001,Nissan,Pathfinder,345972,0,0,0
3,3,155465,2016-08-21,9/3/16,1,5,41.73680282,-87.58569767,1970,0,2/10/15,2/10/16,2009,Toyota,Camry,150192,0,0,0
3,3,225648.9,2018-11-13,11/22/18,0,1,41.78033444,-87.6164031,2370,0,2/10/17,2/10/18,2008,Toyota,Camry,212400,0,0,0
2,3,281628.9,2016-02-16,2/18/16,1,1,41.7713311,-87.61171136,2840,0,4/17/15,4/16/16,2004,Toyota,Highlander,275760,0,0,0
5,1,129513.7,2017-04-16,4/20/17,1,1,41.76360211,-87.63598659,26620,1,7/9/16,7/9/17,2012,Ford,Explorer,116904,0,0,1
2,3,146703.4,2018-08-21,8/23/18,1,4,41.89127568,-87.64923605,1030,0,3/17/17,3/17/18,2011,Chevrolet,Suburban,139608,0,0,0
2,3,99934.2,2016-11-13,11/15/16,0,3,41.81312066,-87.62146205,1900,0,10/28/15,10/27/16,2012,Chevrolet,Malibu,92688,0,0,0
2,1,98074.6,2017-06-04,6/17/17,0,3,41.93956558,-87.64910715,38590,1,2/6/16,2/5/17,2013,Hyundai,Elantra,86736,0,0,1
1,3,367010.8,2016-10-26,11/7/16,0,2,41.86753904,-87.64505885,1670,0,10/28/15,10/27/16,2000,Jeep,Cherokee,366144,0,0,0
3,1,225976.8,2018-03-28,4/10/18,0,6,41.80418911,-87.61960509,17870,1,7/26/17,7/26/18,2008,Jeep,Cherokee,214056,0,0,1
2,3,223651.8,2018-05-13,5/21/18,1,1,41.90240687,-87.6239196,1630,0,9/20/17,9/20/18,2006,Chevrolet,Silverado,219720,0,0,0
1,3,127783.4,2016-11-22,11/26/16,0,1,41.93216123,-87.70381587,1780,0,2/26/15,2/26/16,2010,Ford,Fusion,113400,0,0,0
5,3,79569.9,2016-12-27,12/31/16,0,2,41.86403564,-87.61929707,2670,0,5/22/15,5/21/16,2009,Dodge,Journey,75432,1,0,0
5,3,117607.8,2017-03-13,3/19/17,0,1,41.85837259,-87.62735617,1300,0,9/8/16,9/8/17,2012,Ford,F-150,113664,0,0,0
5,3,222050.3,2018-09-11,9/23/18,1,1,41.88585584,-87.76313103,1150,0,5/4/17,5/4/18,2009,Chevrolet,Tahoe,211896,0,0,0
1,3,119962.9,2016-07-26,8/3/16,1,1,41.90304122,-87.63018768,1510,0,8/27/15,8/26/16,2010,Buick,Enclave,111456,0,0,0
5,3,180271.3,2016-02-21,3/2/16,0,1,41.80753346,-87.74300342,2590,0,4/13/15,4/12/16,2007,Dodge,Grand Caravan,171504,0,0,0
3,1,60390.6,2016-04-28,5/2/16,0,1,41.80094198,-87.58763679,33522.5,1,6/28/15,6/27/16,2013,Chevrolet,Impala,54288,0,0,1
1,4,86241.4,2018-12-09,12/12/18,1,1,41.88463208,-87.62224799,33620,1,11/15/17,11/15/18,2014,Dodge,Grand Caravan,74064,0,0,1
4,3,172507.5,2017-10-09,10/14/17,0,1,41.96056026,-87.76975387,1860,0,11/9/16,11/9/17,2009,Hyundai,Sonata,163308,0,0,0
5,4,135437.8,2018-12-14,12/26/18,0,1,41.94200702,-87.8361443,20690,1,3/6/17,3/6/18,2012,Chevrolet,Tahoe,133632,0,0,1
4,3,60975.7,2018-01-02,1/10/18,0,4,41.97779527,-87.68937178,1140,0,9/14/17,9/14/18,2013,Dodge,Grand Caravan,53250,1,0,0
5,1,115432.6,2016-05-18,6/1/16,1,1,41.93918261,-87.72876044,20970,1,6/13/15,6/12/16,2011,Nissan,Rogue,105600,0,0,1
1,3,510425.5,2018-11-16,11/23/18,1,1,41.88323592,-87.63549044,1667.5,0,1/1/17,1/1/18,1995,Hyundai,Santa Fe,506304,0,0,0
4,1,220335.2,2018-06-06,6/19/18,1,1,41.8339635,-87.67552159,32180,1,4/10/17,4/10/18,2007,Toyota,Corolla,208788,0,0,1
2,1,144651.1,2016-01-24,1/28/16,1,1,41.93696044,-87.74666652,32730,1,9/10/15,9/9/16,2010,Ford,F-150,133128,0,0,1
4,3,360005,2018-09-02,9/7/18,0,1,41.93755113,-87.71258015,2277,0,5/25/17,5/25/18,2001,Chevrolet,Cruze,348024,0,0,0
4,1,165205.6,2018-03-07,3/17/18,1,4,41.96190166,-87.76497264,19440,1,7/9/17,7/9/18,2011,Nissan,Versa,155184,0,0,1
3,1,131206.4,2018-01-19,1/26/18,1,3,41.88223721,-87.6205506,39280,1,8/21/17,8/21/18,2012,Honda,Pilot,117660,0,0,1
4,3,135390.6,2017-05-17,5/27/17,0,8,41.94267692,-87.74105701,3277.5,0,3/25/16,3/25/17,2011,GMC,Sierra,127032,0,0,0
1,1,250322.4,2018-08-17,8/23/18,1,1,41.87676066,-87.74529167,2510,1,8/13/17,8/13/18,2008,Nissan,Rogue,238800,0,0,0
4,1,259723.9,2016-09-08,9/11/16,0,1,41.72657824,-87.62248031,33520,1,5/5/15,5/4/16,2004,Hyundai,Elantra,247968,0,0,1
3,3,163769.5,2016-01-14,1/24/16,0,1,41.85970513,-87.65324505,2640,0,7/6/15,7/5/16,2009,Mazda,CX-5,149688,0,0,0
1,3,237346.5,2018-11-02,11/7/18,0,6,41.80953478,-87.59245022,1680,0,8/6/17,8/6/18,2008,GMC,Sierra,225684,0,1,0
1,3,48674.1,2018-09-09,9/10/18,0,1,41.93184668,-87.71224885,1110,0,11/24/17,11/24/18,2016,Mercedes,GLE,37896,0,0,0
3,1,136771.9,2017-03-22,4/2/17,1,3,41.76548541,-87.62183435,38510,1,2/26/16,2/25/17,2011,Toyota,Rav-4,129336,0,0,1
5,1,111169.1,2016-08-10,8/10/16,1,2,41.83329377,-87.61685734,33030,1,9/16/15,9/15/16,2011,Buick,Enclave,101580,0,0,1
3,1,122602.8,2018-02-19,2/23/18,1,2,41.7712227,-87.74191039,47679,1,8/3/17,8/3/18,2012,Chevrolet,Equinox,120252,0,0,1
2,1,214246.4,2017-05-04,5/4/17,0,1,41.87346742,-87.72051086,2110,1,7/14/16,7/14/17,2008,Toyota,Tacoma,200436,0,0,0
1,3,96568.9,2017-05-10,5/14/17,0,1,41.79053041,-87.7232329,2150,0,11/5/16,11/5/17,2013,Hyundai,Elantra,82752,0,0,0
1,1,88222.5,2016-12-13,12/24/16,0,1,41.75923094,-87.55959822,30340,1,1/6/15,1/6/16,2012,Ford,Explorer,73968,0,0,1
4,2,246760.8,2018-12-27,1/3/19,0,1,42.01943672,-87.69002764,2334.5,0,9/19/17,9/19/18,2007,Hyundai,Santa Fe,234576,0,0,0
3,1,70039.6,2017-08-23,9/3/17,1,3,41.92049827,-87.76600543,36685,1,1/14/16,1/13/17,2014,Toyota,Tundra,67932,0,0,1
3,3,165870.2,2016-12-29,1/3/17,0,3,41.88679622,-87.62656228,2100,0,9/16/15,9/15/16,2009,Chevrolet,Equinox,159264,0,0,0
3,3,95166,2017-07-23,7/25/17,1,1,41.8819272,-87.63250751,2242.5,0,5/18/16,5/18/17,2013,Chevrolet,Suburban,85776,0,0,0
2,3,79479.4,2017-05-21,5/25/17,0,1,41.88743254,-87.61771557,2140,0,7/19/16,7/19/17,2013,Subaru,Forester,77064,0,0,0
4,3,82513.7,2017-02-18,3/3/17,0,1,41.88135321,-87.66591594,1400,0,2/20/16,2/19/17,2013,Mercedes,GLC,78588,0,0,0
3,3,101224.9,2017-08-06,8/12/17,0,1,41.85136497,-87.72984816,1276.5,0,8/20/16,8/20/17,2007,Nissan,Rogue,98124,1,0,0
2,3,169185.1,2017-12-15,12/17/17,0,1,41.89483115,-87.62431004,1860,0,3/12/16,3/12/17,2009,Acura,MDX,164448,0,0,0
1,1,154557.8,2018-04-08,4/20/18,1,1,41.99036758,-87.69307212,29630,1,1/1/17,1/1/18,2011,Honda,Civic,142212,0,0,1
5,1,147662.5,2018-01-26,2/2/18,0,1,41.75884531,-87.57262383,27580,1,3/2/17,3/2/18,2011,GMC,Sierra,137496,0,0,1
2,3,47422.8,2016-10-23,10/30/16,0,1,41.71615887,-87.53783852,2830,0,11/6/15,11/5/16,2014,Hyundai,Sonata,39840,0,0,0
5,1,119915.8,2016-10-17,10/19/16,1,1,41.88158651,-87.65224725,24220,1,6/9/15,6/8/16,2010,Chevrolet,Traverse,109008,0,0,1
3,3,141545.1,2017-07-26,8/7/17,1,1,41.93920157,-87.72704151,2950,0,3/22/16,3/22/17,2004,Toyota,Prius,135486,1,0,0
3,1,144713.2,2016-05-13,5/25/16,1,1,41.90976453,-87.7433763,32560,1,2/17/15,2/17/16,2009,Jeep,Grand Cherokee,141792,0,0,1
5,1,333078.5,2018-04-15,4/15/18,1,1,41.80784315,-87.71419373,28400,1,6/19/17,6/19/18,2003,Ford,F-150,332196,0,0,1
5,1,50663.3,2017-10-19,10/20/17,1,1,41.93058901,-87.78431318,21590,1,5/23/16,5/23/17,2015,Buick,Enclave,45048,0,0,1
2,3,110672.5,2018-03-12,3/12/18,0,1,41.86242823,-87.72520294,1280,0,10/3/17,10/3/18,2006,Jeep,Grand Cherokee,109920,1,0,0
5,1,44111.1,2018-04-12,4/15/18,1,1,41.76539483,-87.57718461,32090,1,10/9/17,10/9/18,2016,Dodge,Ram,41784,0,0,1
2,3,263227.5,2017-11-21,11/28/17,0,3,41.98311718,-87.71380491,1160,0,10/11/16,10/11/17,2006,Chevrolet,Suburban,259464,0,0,0
2,3,152413.6,2016-02-02,2/14/16,0,1,41.89013841,-87.64746053,1320,0,7/5/15,7/4/16,2009,Subaru,Outback,141036,0,0,0
3,1,355472.1,2017-07-14,7/19/17,1,6,41.83517168,-87.72437508,35310,1,10/12/16,10/12/17,2002,Honda,Accord,353844,0,0,1
5,3,243612.7,2016-08-10,8/19/16,0,1,41.73620947,-87.62430552,1564,0,1/17/15,1/17/16,2003,Hyundai,Elantra,237588,0,1,0
4,3,188369.1,2018-11-06,11/7/18,0,2,41.86856093,-87.74469001,1000,0,8/1/17,8/1/18,2010,Mazda,3,180720,0,0,0
4,1,178747.8,2016-02-27,3/1/16,0,5,41.89285372,-87.64993049,2150.5,1,11/10/15,11/9/16,2008,Chevrolet,Camaro,167712,0,0,0
5,1,198888.3,2018-03-05,3/8/18,1,1,41.74991628,-87.70355152,37040,1,10/2/17,10/2/18,2009,Dodge,Grand Caravan,188592,0,0,1
2,1,131847.5,2018-05-20,5/24/18,0,1,41.67402888,-87.64192827,2080,1,9/6/17,9/6/18,2012,Honda,HR-V,124560,0,0,0
5,3,139813.3,2018-03-10,3/24/18,1,1,41.77625767,-87.66886506,2800,0,6/9/17,6/9/18,2011,Hyundai,Sonata,129948,0,0,0
5,3,367693.7,2017-10-16,10/30/17,0,1,41.91098174,-87.65120931,2380.5,0,6/6/16,6/6/17,2000,Chevrolet,Suburban,364860,0,0,0
5,1,68988.4,2016-07-11,7/16/16,1,1,41.75826841,-87.61845149,18670,1,8/4/15,8/3/16,2013,Chevrolet,Malibu,58464,0,0,1
5,1,275115.8,2018-07-03,7/5/18,0,5,41.73620947,-87.62430552,2220,1,10/18/17,10/18/18,2005,Chevrolet,Silverado,267852,0,0,0
5,1,52166.8,2017-05-25,6/5/17,1,3,41.79218151,-87.65982669,47610,1,6/24/16,6/24/17,2015,Subaru,Outback,40992,0,0,1
2,3,171404.1,2018-03-16,3/29/18,1,2,41.99036292,-87.67454748,1621.5,0,2/19/17,2/19/18,2011,Hyundai,Elantra,161280,0,0,0
5,1,88306.4,2018-07-31,8/11/18,0,1,41.87365926,-87.6243595,24080,1,8/2/17,8/2/18,2014,Mercedes,GLC,74892,0,0,1
1,1,361950.9,2016-07-11,7/15/16,1,1,41.77516569,-87.59599977,23740,1,7/12/15,7/11/16,2000,Ford,Focus,353856,0,0,1
2,3,48801.2,2018-06-01,6/11/18,1,1,41.91289072,-87.79260968,2090,0,9/25/17,9/25/18,2016,Toyota,Sienna,45624,0,0,0
1,3,296797.2,2016-05-06,5/20/16,1,5,41.93924404,-87.67577282,2170,0,1/4/15,1/4/16,2003,Toyota,4Runner,283452,0,0,0
4,3,258563,2016-03-14,3/22/16,1,1,41.94590518,-87.77418877,1805.5,0,3/19/15,3/18/16,2003,Volkswagen,Jetta,254124,0,0,0
5,1,25294.8,2016-09-06,9/18/16,1,1,41.96811604,-87.78209666,37740,1,8/14/15,8/13/16,2015,GMC,Sierra,20772,0,0,1
2,3,43920.2,2018-01-27,1/29/18,0,1,41.81115379,-87.61649149,2420,0,2/3/17,2/3/18,2016,Ford,Fusion,42072,0,1,0
5,1,74436.7,2017-04-16,4/30/17,1,1,41.89229086,-87.63312249,27350,1,6/22/16,6/22/17,2014,Hyundai,Tucson,66108,0,0,1
2,3,148503.3,2018-01-10,1/17/18,0,1,41.85242413,-87.63599569,2090,0,7/9/17,7/9/18,2011,Hyundai,Sonata,139848,0,0,0
5,1,83243.8,2016-02-23,3/5/16,1,1,41.88401218,-87.70143648,36350,1,9/25/15,9/24/16,2012,Hyundai,Sonata,80400,0,0,1
1,3,196767.1,2017-04-20,5/2/17,0,1,41.73973348,-87.60476327,1630,0,11/7/16,11/7/17,2009,Toyota,4Runner,188328,0,0,0
5,3,257087.9,2018-09-19,9/19/18,0,1,41.78884436,-87.64272663,2770,0,8/25/17,8/25/18,2005,Honda,CR-V,242808,0,0,0
1,1,159869.1,2016-06-16,6/28/16,1,1,41.8917892,-87.62782911,36810,1,7/20/15,7/19/16,2009,Toyota,Corolla,152292,0,0,1
5,3,273962.8,2018-05-02,5/9/18,0,1,41.82898408,-87.67971509,3139.5,0,1/15/17,1/15/18,2006,Hyundai,Elantra,264792,0,0,0
5,1,185569.9,2016-03-30,4/3/16,1,1,41.8845142,-87.66704209,20720,1,10/18/15,10/17/16,2007,Volkswagen,Jetta,183168,0,0,1
4,3,124611.6,2018-08-23,8/28/18,1,1,41.8229746,-87.6903884,2104.5,0,9/20/17,9/20/18,2013,Ford,Explorer,115764,0,0,0
1,3,251407.5,2018-06-11,6/22/18,0,1,41.69184461,-87.68668856,1880,0,9/25/17,9/25/18,2007,Chrysler,Pacifica,249156,0,0,0
5,3,180931.1,2018-08-04,8/12/18,0,1,41.88199,-87.62509838,1790,0,1/8/17,1/8/18,2010,Chrysler,Pacifica,173988,0,0,0
5,1,152029.1,2016-05-01,5/11/16,1,3,41.85228349,-87.67596643,29480,1,7/2/15,7/1/16,2010,Toyota,Camry,139320,0,0,1
5,4,533638.3,2018-12-22,1/4/19,0,1,41.81233708,-87.665107,20999,1,11/8/17,11/8/18,1994,Ford,F-150,521268,0,0,1
4,3,100138.7,2017-05-26,5/31/17,0,3,41.87406011,-87.66838474,3346.5,0,11/10/16,11/10/17,2013,Ford,F-150,92928,0,0,0
1,3,252003.8,2016-12-21,12/30/16,1,1,41.95048995,-87.66909654,2320,0,10/20/15,10/19/16,2005,Chevrolet,Traverse,249744,0,0,0
4,3,48422.8,2016-08-02,8/9/16,0,1,41.85180997,-87.66616697,2710,0,11/6/15,11/5/16,2014,Dodge,Journey,43848,0,0,0
3,1,125429.6,2016-07-23,8/3/16,0,1,41.69028809,-87.66469388,37400,1,1/25/15,1/25/16,2011,Toyota,Tundra,116040,0,0,1
5,1,86725.1,2017-02-12,2/20/17,1,2,41.79522214,-87.76631287,18140,1,11/27/16,11/27/17,2008,Kia,Sportage,85530,1,0,1
1,1,100706.7,2017-01-01,1/2/17,0,4,41.96879509,-87.66734813,22000,1,3/23/16,3/23/17,2013,Dodge,Challenger,91056,0,0,1
5,1,236301.9,2016-10-29,10/30/16,1,1,41.74314692,-87.6257615,17230,1,10/28/15,10/27/16,2005,Jeep,Cherokee,230868,0,0,1
3,1,222855.6,2016-07-22,8/3/16,1,1,41.78073244,-87.586371,19400,1,10/20/15,10/19/16,2007,Honda,Pilot,211896,0,0,1
3,3,38011,2017-06-25,6/29/17,1,1,41.81309531,-87.59106821,1770,0,1/3/16,1/2/17,2014,Subaru,Impreza,27324,1,0,0
1,1,166104.1,2018-03-23,4/5/18,1,1,41.9242203,-87.75594985,14690,1,11/8/17,11/8/18,2011,Volkswagen,Jetta,155652,0,0,1
4,3,73170.2,2016-02-22,3/6/16,0,1,41.86626526,-87.7263306,2955.5,0,3/21/15,3/20/16,2013,Toyota,Prius,67860,0,0,0
5,1,540320.6,2016-03-07,3/19/16,1,3,41.93729858,-87.63415188,27002,1,5/27/15,5/26/16,1991,Mazda,CX-5,534000,0,0,1
1,3,228257.5,2016-09-29,10/2/16,0,2,41.87783674,-87.64729714,2668,0,7/15/15,7/14/16,2007,Ford,F-150,213948,0,0,0
3,1,191407,2017-09-04,9/6/17,1,1,41.72020823,-87.62355234,29060,1,5/15/16,5/15/17,2008,Honda,Odyssey,187656,0,0,1
5,1,241522.6,2016-08-08,8/8/16,1,1,41.88664694,-87.63381129,41430,1,7/28/15,7/27/16,2004,Ford,Mustang,228528,0,0,1
2,3,233363,2016-06-09,6/18/16,1,1,41.8387788,-87.72920272,2290,0,10/15/15,10/14/16,2004,Volkswagen,Jetta,220896,0,0,0
4,1,79422.1,2017-11-16,11/17/17,1,1,41.99723729,-87.71179778,34460,1,8/16/16,8/16/17,2013,Ford,Mustang,78768,0,0,1
5,3,298429.9,2018-09-08,9/13/18,1,1,41.98324207,-87.69665302,16680,0,2/3/17,2/3/18,2005,Jeep,Cherokee,284868,0,0,1
3,3,236866.5,2016-07-28,8/7/16,0,1,41.73470702,-87.59735992,1780,0,10/4/15,10/3/16,2004,Hyundai,Elantra,226944,0,1,0
2,3,121593.2,2016-12-04,12/17/16,1,2,41.93859158,-87.75656533,2610,0,11/27/15,11/26/16,2011,Subaru,Outback,108840,0,0,0
3,1,235540.4,2017-01-30,2/13/17,0,2,41.76426012,-87.70784676,39280,1,8/2/16,8/2/17,2007,Ford,Explorer,227124,0,0,1
2,1,142461.8,2017-12-02,12/6/17,0,2,41.73835086,-87.64152725,38870,1,6/10/16,6/10/17,2010,Honda,Civic,130500,0,0,1
3,1,239634.5,2016-07-26,8/1/16,1,1,41.92402594,-87.75410892,16830,1,10/5/15,10/4/16,2003,Chevrolet,Traverse,234156,0,0,1
5,3,183229.7,2018-05-08,5/16/18,1,1,41.76915305,-87.66378819,2800,0,6/5/17,6/5/18,2009,Chrysler,Pacifica,182640,0,0,0
3,1,229070,2017-04-06,4/13/17,1,1,41.84625846,-87.64871182,35800,1,1/27/16,1/26/17,2008,Chevrolet,Cruze,215460,0,0,1
1,1,94602.9,2018-10-08,10/14/18,0,1,41.82398325,-87.61685389,23940,1,8/10/17,8/10/18,2014,Nissan,Frontier,81816,0,0,1
2,3,144295.6,2017-04-08,4/10/17,1,1,41.82008034,-87.59749453,2219.5,0,7/17/16,7/17/17,2010,Lexus,ES,138468,0,0,0
4,3,209783.2,2018-09-08,9/22/18,0,2,42.00239221,-87.66549591,1530,0,8/5/17,8/5/18,2009,Subaru,Forester,196572,0,0,0
5,3,191420.6,2018-11-25,12/4/18,0,1,41.88005568,-87.76983832,2265.5,0,2/19/17,2/19/18,2000,Toyota,4Runner,181068,1,0,0
2,3,157533,2016-05-04,5/6/16,0,1,41.9673272,-87.73878547,1150,0,5/4/15,5/3/16,1999,Acura,MDX,154428,1,0,0
2,3,53994.6,2016-08-27,9/10/16,0,1,41.76779096,-87.58651632,3116.5,0,9/7/15,9/6/16,2014,Ford,Explorer,40152,0,0,0
1,1,109315.9,2018-11-05,11/9/18,1,1,41.77955028,-87.65091605,29480,1,2/27/17,2/27/18,2013,Nissan,Maxima,104556,0,0,1
5,1,202565.5,2017-04-12,4/17/17,0,4,41.97864097,-87.68940456,31498.5,1,5/11/16,5/11/17,2009,Kia,Sorento,187776,0,1,1
5,3,328283.3,2016-03-07,3/9/16,0,1,41.83111177,-87.60627454,1520,0,5/6/15,5/5/16,2002,Acura,MDX,325752,0,0,0
3,1,140781.9,2016-07-17,7/29/16,1,2,41.77144058,-87.71536939,30530,1,3/23/15,3/22/16,2010,Kia,Soul,133416,0,0,1
1,3,214648.9,2018-05-11,5/25/18,0,2,41.95373705,-87.72776661,2500,0,4/11/17,4/11/18,2008,Jeep,Compass,200640,0,0,0
1,1,55784.7,2018-01-12,1/25/18,1,1,41.76302237,-87.58639016,28060,1,9/27/17,9/27/18,2016,Toyota,4Runner,41016,0,0,1
5,3,236191.9,2017-10-06,10/7/17,0,1,42.00234978,-87.80688817,2120,0,11/24/16,11/24/17,2007,Nissan,Rogue,229092,0,0,0
5,1,161083.6,2018-01-30,1/30/18,0,1,41.91267256,-87.78502988,16940,1,9/3/17,9/3/18,2011,Jeep,Renegade,153420,0,0,1
4,3,106086.3,2016-02-04,2/17/16,1,1,41.9276439,-87.77249351,1265,0,5/19/15,5/18/16,2011,Mazda,CX-5,101340,0,0,0
1,1,134502.7,2018-06-20,7/3/18,1,1,41.7567361,-87.59307096,28950,1,2/1/17,2/1/18,2012,Buick,Enclave,133704,0,0,1
2,3,227350,2016-09-30,10/4/16,0,4,41.72586851,-87.5862812,3231.5,0,6/10/15,6/9/16,2004,Toyota,Highlander,225504,0,0,0
3,1,77144.3,2017-06-06,6/20/17,1,1,41.87576697,-87.70584763,26610,1,8/18/16,8/18/17,2014,Volkswagen,Jetta,70344,0,0,1
2,3,325712.6,2017-06-12,6/14/17,1,1,41.82384964,-87.61278314,2392,0,11/12/16,11/12/17,2003,Dodge,Charger,312312,0,0,0
1,1,72316.7,2018-04-08,4/17/18,0,1,41.81667976,-87.61964792,37524.5,1,11/12/17,11/12/18,2015,Ford,Transit,61920,0,0,1
3,1,256319.4,2017-09-03,9/11/17,1,2,41.71762873,-87.53663823,24050,1,11/23/16,11/23/17,2005,Kia,Optima,251820,0,0,1
1,3,120262.4,2018-05-23,5/30/18,0,1,41.89295527,-87.63248142,1040,0,9/16/17,9/16/18,2013,Toyota,Tacoma,112716,0,0,0
3,1,101236.8,2016-04-11,4/17/16,0,2,41.70856168,-87.65153484,14260,1,6/10/15,6/9/16,2012,Dodge,Durango,95664,0,0,1
5,1,324650.5,2018-11-12,11/21/18,1,1,41.92991268,-87.71699301,31901,1,9/9/17,9/9/18,2004,Jeep,Wrangler,318864,0,0,1
5,3,257612.3,2016-12-16,12/24/16,0,2,41.74062079,-87.70229118,2564.5,0,3/28/15,3/27/16,2004,Volkswagen,Tiguan,249984,0,0,0
1,1,64495.4,2017-01-02,1/5/17,0,1,41.87965463,-87.62492998,38640,1,11/19/16,11/19/17,2014,Toyota,Camry,61224,0,0,1
1,3,79607.8,2016-04-16,4/30/16,0,3,41.87569888,-87.63243633,2340,0,7/6/15,7/5/16,2012,GMC,Sierra,77856,0,0,0
1,3,373050.5,2016-04-01,4/2/16,0,2,41.89245291,-87.62249083,2750,0,5/18/15,5/17/16,1999,Honda,Odyssey,366996,0,0,0
1,1,213476,2016-01-05,1/11/16,0,2,41.76414648,-87.57948196,40135,1,8/10/15,8/9/16,2006,Volkswagen,Golf,208920,0,0,1
5,3,63029.7,2017-07-01,7/6/17,0,1,41.70807305,-87.57386257,2270,0,9/8/16,9/8/17,2014,Dodge,Ram,57960,0,0,0
2,1,199029.6,2016-03-26,3/27/16,1,1,41.87459003,-87.63370419,24900,1,4/26/15,4/25/16,2008,Toyota,Rav-4,186432,0,0,1
3,1,158172.7,2018-01-09,1/19/18,0,1,41.8377949,-87.68514875,33190,1,9/4/17,9/4/18,2011,BMW,X5,153120,0,0,1
3,3,132879.7,2018-08-02,8/4/18,0,1,41.76427403,-87.71755949,2720,0,1/5/17,1/5/18,2012,Ford,Mustang,126360,0,0,0
3,1,273889.2,2016-05-21,5/25/16,0,1,41.8225154,-87.70431578,23760,1,8/15/15,8/14/16,2004,Kia,Sorento,270144,0,0,1
1,3,79825.2,2018-05-13,5/22/18,0,1,41.97587216,-87.70676976,2470,0,1/1/17,1/1/18,2010,Subaru,XV Crosstrek,75132,1,0,0
2,3,159277.6,2017-11-24,12/1/17,0,1,41.98632388,-87.83672801,2960,0,4/8/16,4/8/17,2010,Honda,Civic,145824,0,0,0
2,3,60886.6,2017-12-09,12/22/17,1,1,41.73469613,-87.55399069,2010,0,7/5/16,7/5/17,2014,Buick,Encore,59220,0,0,0
1,1,83893,2016-04-19,4/19/16,1,1,41.87573461,-87.62943912,37800,1,7/23/15,7/22/16,2009,Nissan,Rogue,72198,1,0,1
3,3,167660.2,2016-03-22,3/25/16,1,1,41.76037203,-87.59812736,1600,0,5/13/15,5/12/16,2007,Honda,Odyssey,162648,0,1,0
5,3,84397.2,2017-01-10,1/24/17,0,2,41.83546116,-87.66554052,1920,0,9/20/16,9/20/17,2013,Subaru,Forester,73584,0,0,0
1,3,119353.4,2018-08-05,8/14/18,1,1,41.90914771,-87.66779606,1630,0,1/27/17,1/27/18,2013,Toyota,Sienna,105120,0,0,0
2,3,143005.4,2018-04-19,4/21/18,0,1,41.87126862,-87.68628838,1700,0,10/6/17,10/6/18,2011,Chevrolet,Tahoe,137724,0,0,0
5,1,150226.5,2016-04-06,4/15/16,1,2,41.97450652,-87.81216064,20080,1,9/7/15,9/6/16,2009,Toyota,Corolla,139104,0,0,1
2,1,223339.9,2016-10-10,10/17/16,0,1,42.00112812,-87.69837014,31380,1,3/7/15,3/6/16,2007,Jeep,Cherokee,210276,0,0,1
5,1,55402.8,2017-12-21,1/4/18,1,3,41.90376152,-87.63330696,17370,1,7/4/16,7/4/17,2015,Nissan,Murano,45864,0,0,1
2,1,21748.3,2016-06-10,6/23/16,0,5,41.73648943,-87.73964039,2162,1,8/13/15,8/12/16,2014,Chevrolet,Silverado,20184,1,0,0
1,3,305149.4,2018-03-07,3/14/18,0,1,41.85781348,-87.7250758,2930,0,7/12/17,7/12/18,2004,Volkswagen,Tiguan,303600,0,0,0
1,1,107735.2,2018-07-22,8/5/18,0,2,41.70784496,-87.58893873,30890,1,2/20/17,2/20/18,2013,Chevrolet,Impala,99996,0,0,1
4,3,153103.6,2017-02-11,2/18/17,1,1,41.95236835,-87.76501482,1710,0,1/3/16,1/2/17,2010,Ford,Explorer,144852,0,0,0
3,1,172983.5,2017-02-14,2/25/17,0,1,41.83098515,-87.61948415,36500,1,5/8/16,5/8/17,2008,Jeep,Cherokee,162864,0,0,1
5,3,237895.8,2018-03-11,3/22/18,0,3,41.89665988,-87.62175524,1900,0,11/5/17,11/5/18,2008,Chevrolet,Impala,232500,0,0,0
4,1,44897.9,2016-02-27,3/12/16,0,1,41.83867641,-87.72067486,2440,1,4/14/15,4/13/16,2014,Ford,Fusion,39744,0,0,0
1,1,158607.4,2018-06-18,6/29/18,1,1,41.77340754,-87.58993668,2691,1,9/24/17,9/24/18,2010,Ford,Explorer,156096,0,0,0
1,3,118168.5,2016-07-30,8/10/16,0,3,41.80854224,-87.6845482,2320,0,5/6/15,5/5/16,2011,Honda,Civic,114420,0,0,0
3,1,68704.6,2018-01-19,1/24/18,0,1,41.90094776,-87.62364501,19297,1,9/26/17,9/26/18,2015,Kia,Sportage,62316,0,0,1
4,3,185866,2017-02-26,3/5/17,0,1,42.01031381,-87.6626076,1380,0,6/9/16,6/9/17,2007,Subaru,Impreza,182652,0,0,0
2,3,119458.8,2018-03-27,4/8/18,0,1,41.76897485,-87.62962809,1700,0,11/12/17,11/12/18,2013,Nissan,Titan,108180,0,0,0
1,3,74995.3,2016-02-14,2/26/16,0,3,41.75826841,-87.61845149,2460,0,4/13/15,4/12/16,2009,Chevrolet,Equinox,63546,1,0,0
2,3,171071,2017-03-11,3/18/17,0,1,41.75032239,-87.64418241,1980,0,6/7/16,6/7/17,2009,Mazda,3,169308,0,0,0
5,1,215849.8,2017-09-10,9/24/17,1,1,41.88994002,-87.62894827,22850,1,10/11/16,10/11/17,2007,Honda,Accord,209208,0,0,1
4,2,76673.1,2018-12-24,12/29/18,0,1,41.75176155,-87.55304319,1430,0,6/14/17,6/14/18,2015,Chevrolet,Tahoe,68952,0,0,0
2,3,301696.3,2016-08-11,8/20/16,1,1,41.89652094,-87.66255876,1210,0,10/3/15,10/2/16,2003,Nissan,Frontier,300612,0,0,0
1,3,248741.5,2018-04-08,4/19/18,0,1,41.94510868,-87.80927225,2323,0,5/2/17,5/2/18,2007,Jeep,Renegade,246708,0,0,0
3,1,154152,2018-11-08,11/16/18,1,4,41.88204398,-87.62451104,3358,1,10/6/17,10/6/18,2011,Ford,F-150,144048,0,0,0
3,3,220457.7,2017-04-21,5/5/17,1,1,41.89904837,-87.73105635,1370,0,10/15/16,10/15/17,2007,Nissan,Frontier,207096,0,0,0
1,1,104558.3,2017-07-20,7/28/17,1,1,41.74957266,-87.604689,30500,1,1/4/16,1/3/17,2013,Toyota,Corolla,93060,0,0,1
3,1,264172.3,2018-05-24,5/30/18,0,1,41.75592679,-87.65402522,44033.5,1,11/3/17,11/3/18,2007,Kia,Sorento,257328,0,0,1
3,1,234847.1,2018-04-16,4/19/18,0,1,41.77308031,-87.61539262,20350,1,6/5/17,6/5/18,2007,Hyundai,Elantra,222948,0,0,1
2,3,95876.1,2017-02-12,2/22/17,0,1,41.88780313,-87.62082503,1910,0,8/17/16,8/17/17,2013,Jeep,Cherokee,87744,0,0,0
3,3,107207.5,2016-09-12,9/17/16,0,1,41.87684496,-87.64233852,15240,0,8/26/15,8/25/16,2006,Toyota,Camry,103440,1,1,1
5,3,403567.7,2017-10-10,10/22/17,1,1,41.89235392,-87.6476793,2670,0,9/16/16,9/16/17,2000,Nissan,Rogue,397200,0,0,0
2,3,190876.2,2018-04-15,4/24/18,1,1,41.99804374,-87.67516301,3231.5,0,9/24/17,9/24/18,2009,Ford,F-150,187596,0,0,0
1,1,66391.6,2018-03-08,3/18/18,0,1,41.77756069,-87.66431375,17670,1,3/20/17,3/20/18,2015,BMW,3 series,55692,0,0,1
5,4,161025.1,2018-12-26,12/29/18,1,1,41.78031988,-87.61722656,16700,1,7/3/17,7/3/18,2011,Chevrolet,Trax,153588,0,0,1
2,1,94018.6,2016-05-17,5/22/16,1,3,41.77263463,-87.62527215,33490,1,11/6/15,11/5/16,2007,Dodge,Ram,85968,1,0,1
5,3,218346.9,2018-10-16,10/25/18,0,1,41.86920049,-87.68867452,1260,0,6/23/17,6/23/18,2007,Honda,Accord,215196,0,0,0
5,3,229966.5,2017-07-10,7/12/17,0,1,41.92440234,-87.74231826,17800,0,4/22/16,4/22/17,2006,Ford,Fusion,223356,0,0,1
5,1,141358.4,2018-07-22,7/25/18,1,1,41.69116002,-87.7200924,30060,1,10/17/17,10/17/18,2011,Nissan,Pathfinder,139740,0,0,1
3,1,252556.3,2018-04-24,5/2/18,0,4,41.8761276,-87.70123322,36860,1,10/24/17,10/24/18,2006,Buick,Enclave,238920,0,0,1
1,2,86950.2,2018-12-05,12/9/18,0,1,41.97105686,-87.76983771,2320,0,2/24/17,2/24/18,2011,Dodge,Ram,76404,1,0,0
5,1,270520.2,2017-02-06,2/15/17,1,1,41.80742028,-87.7430013,19530,1,5/16/16,5/16/17,2003,Chevrolet,Equinox,266280,0,0,1
1,3,154829.1,2018-07-10,7/11/18,0,1,41.76571748,-87.62034964,1276.5,0,3/19/17,3/19/18,2010,Chevrolet,Impala,152856,0,0,0
5,1,99447.7,2017-04-24,4/30/17,1,1,41.83262451,-87.6168411,23851,1,9/3/16,9/3/17,2013,Ford,Edge,86112,0,0,1
2,3,133441.7,2017-12-30,1/13/18,1,4,41.75069565,-87.64774597,3312,0,11/27/16,11/27/17,2011,Nissan,Pathfinder,125304,0,0,0
2,3,58508.1,2017-01-23,1/31/17,0,1,42.01793231,-87.67586243,1500,0,5/14/16,5/14/17,2012,Honda,CR-V,51336,1,0,0
4,3,206129.6,2018-02-09,2/19/18,1,1,41.76224645,-87.5930962,2220,0,1/6/17,1/6/18,2009,Acura,RDX,199752,0,0,0
3,3,155926.9,2018-09-18,9/28/18,0,1,41.7567361,-87.59307096,2470,0,1/2/17,1/2/18,2004,Chevrolet,Camaro,142398,1,0,0
3,1,226719.9,2016-03-28,4/8/16,1,1,41.88670169,-87.64288024,25030,1,11/20/15,11/19/16,2006,Jeep,Grand Cherokee,219000,0,0,1
2,3,360871.4,2017-03-19,3/21/17,1,1,41.87821296,-87.63527874,1440,0,7/17/16,7/17/17,1998,Ford,Fusion,355680,0,0,0
2,3,127615.9,2016-06-18,6/26/16,1,1,41.75826841,-87.61845149,17721.5,0,5/12/15,5/11/16,2011,Ford,Edge,117480,0,0,1
5,3,206214.4,2018-07-29,8/11/18,1,2,41.68502626,-87.64229737,1880,0,7/3/17,7/3/18,2000,Acura,MDX,197970,1,0,0
1,1,320668.4,2018-03-15,3/20/18,0,1,41.81306812,-87.59152857,22540,1,4/2/17,4/2/18,2002,Audi,Q5,315960,0,0,1
1,1,302732.2,2017-09-01,9/6/17,0,1,41.79397729,-87.68421858,29530,1,6/5/16,6/5/17,2004,Honda,Civic,299676,0,0,1
3,3,128516,2017-06-15,6/24/17,0,4,41.9317334,-87.72298465,2852,0,5/17/16,5/17/17,2011,Nissan,Rogue,125100,0,0,0
3,3,260612,2017-10-26,10/29/17,1,3,41.79591839,-87.76178079,3139.5,0,1/27/16,1/26/17,2005,Toyota,Corolla,249636,0,0,0
5,4,103708.5,2018-12-01,12/6/18,1,1,41.74751005,-87.73271629,16460,1,2/25/17,2/25/18,2009,GMC,Terrain,93372,1,0,1
4,1,103846.1,2017-05-28,6/4/17,1,1,41.93878066,-87.74672581,19520,1,8/13/16,8/13/17,2012,GMC,Yukon,102960,0,0,1
5,1,244866.5,2018-03-11,3/23/18,1,1,41.85385894,-87.64667407,21600,1,10/26/17,10/26/18,2007,Toyota,Tundra,234048,0,0,1
2,3,248353.9,2016-11-02,11/12/16,0,1,41.89333774,-87.6312445,2520,0,9/25/15,9/24/16,2004,Honda,Civic,236592,0,0,0
5,3,112342.4,2018-05-17,5/28/18,1,1,41.85287169,-87.64056366,2310,0,8/21/17,8/21/18,2012,Mazda,CX-5,111024,0,0,0
4,3,272730.4,2018-06-17,6/28/18,0,1,41.76684152,-87.66378174,1480,0,3/17/17,3/17/18,2004,GMC,Yukon,272160,0,0,0
1,3,196278.8,2016-04-16,4/18/16,0,1,41.89668927,-87.61970125,2047,0,4/10/15,4/9/16,2006,Dodge,Ram,189840,0,0,0
1,3,171228.5,2016-01-14,1/26/16,0,1,41.78424899,-87.66205484,1265,0,6/24/15,6/23/16,2008,Kia,Soul,164448,0,0,0
4,3,294122.3,2016-08-18,8/19/16,0,1,41.78408266,-87.73641287,1960,0,7/4/15,7/3/16,2002,Chevrolet,Cruze,293328,0,0,0
5,3,217958.2,2016-04-19,4/30/16,1,3,41.83708346,-87.66649329,2323,0,5/25/15,5/24/16,2007,Acura,MDX,208008,0,0,0
2,3,150532.1,2017-10-03,10/12/17,0,1,41.88687599,-87.6355937,2790,0,2/25/16,2/24/17,2010,Chevrolet,Equinox,140676,0,0,0
3,3,70144.2,2017-11-17,11/23/17,0,1,41.90052524,-87.64295528,1600,0,3/14/16,3/14/17,2014,Chevrolet,Silverado,57228,0,0,0
4,3,182294.3,2017-03-28,3/29/17,1,3,41.79332128,-87.68398784,2415,0,1/4/16,1/3/17,2009,Ford,F-150,172224,0,0,0
2,3,294473,2018-01-13,1/18/18,0,1,41.78479174,-87.78829015,2000,0,8/25/17,8/25/18,2003,Honda,Accord,289080,0,0,0
2,1,519723.6,2018-07-01,7/9/18,0,1,41.9678444,-87.76089754,23450,1,10/19/17,10/19/18,1993,Honda,Accord,514896,0,0,1
3,1,64666.4,2017-03-09,3/19/17,1,1,41.77614221,-87.63868431,24667.5,1,10/7/16,10/7/17,2014,Nissan,Frontier,58524,0,0,1
3,1,114269.4,2016-03-11,3/25/16,1,1,41.85868668,-87.73458705,35830,1,3/5/15,3/4/16,2010,Chevrolet,Trax,108936,0,0,1
5,1,114749.6,2016-05-02,5/6/16,1,1,41.7632585,-87.57638437,27240,1,3/17/15,3/16/16,2011,Volkswagen,Jetta,101400,0,0,1
5,1,123371.2,2016-09-11,9/13/16,1,4,41.95385462,-87.70015089,14240,1,6/9/15,6/8/16,2011,Hyundai,Accent,112860,0,0,1
2,3,349616.6,2016-05-17,5/31/16,0,1,41.91794251,-87.66811346,2940,0,7/4/15,7/3/16,2000,Nissan,Rogue,347520,0,0,0
2,1,302545,2018-04-10,4/15/18,1,1,41.74640378,-87.68290721,20630,1,11/17/17,11/17/18,2003,Nissan,Sentra,288348,0,0,1
2,3,208819.8,2017-10-19,10/28/17,0,1,41.87930129,-87.63116779,1260,0,3/3/16,3/3/17,2008,Honda,Accord,201768,0,0,0
5,1,40863.5,2016-03-05,3/12/16,1,1,41.82296894,-87.6773794,18570,1,9/14/15,9/13/16,2014,Hyundai,Tucson,36000,0,0,1
5,3,172735.5,2018-03-01,3/9/18,0,1,41.78000828,-87.62552251,1357,0,4/5/17,4/5/18,2010,Subaru,Forester,164544,0,0,0
3,1,245114,2018-08-10,8/23/18,1,2,41.96902816,-87.66929634,35280,1,10/21/17,10/21/18,2007,GMC,Yukon,242760,0,0,1
1,3,205697.1,2016-09-30,10/6/16,1,5,41.98254099,-87.74482204,1900,0,10/24/15,10/23/16,2007,Ford,Explorer,202932,0,0,0
1,3,110875.2,2017-07-20,8/3/17,1,1,41.86563763,-87.76927777,2910,0,4/11/16,4/11/17,2011,Dodge,Grand Caravan,110088,0,0,0
1,1,192414,2018-01-04,1/11/18,1,3,41.91824298,-87.74600897,35910,1,11/7/17,11/7/18,2009,Chrysler,Pacifica,190356,0,0,1
2,3,57027,2016-11-11,11/22/16,0,1,41.93192434,-87.71238139,1700,0,8/25/15,8/24/16,2014,Hyundai,Tucson,43368,0,0,0
5,3,75448,2018-03-04,3/8/18,0,2,41.96864141,-87.69872462,2470,0,2/4/17,2/4/18,2015,GMC,Sierra,61416,0,0,0
1,1,516268.3,2016-05-03,5/14/16,0,1,41.85279995,-87.62061156,18135.5,1,10/22/15,10/21/16,1994,Chrysler,300,508728,0,0,1
3,1,205173.6,2017-04-22,4/30/17,1,1,41.79174083,-87.69490488,29428.5,1,4/6/16,4/6/17,2007,Jeep,Compass,191808,0,0,1
3,3,258722.4,2018-09-04,9/17/18,0,1,41.67118511,-87.5441186,2630,0,6/2/17,6/2/18,2006,Jeep,Grand Cherokee,244044,0,0,0
3,3,135192.4,2017-10-06,10/7/17,0,1,41.88977126,-87.72607148,2170,0,4/10/16,4/10/17,2011,Acura,RDX,134676,0,0,0
3,1,120729.9,2016-07-25,7/27/16,1,5,42.019439,-87.69032202,20630,1,7/14/15,7/13/16,2010,Buick,Encore,113040,0,0,1
1,3,170919,2018-02-06,2/9/18,1,1,41.86949873,-87.65540209,2760,0,9/23/17,9/23/18,2009,Nissan,Rogue,169920,0,0,0
3,3,142063.3,2017-03-31,4/1/17,0,1,41.90625887,-87.72635348,1150,0,6/8/16,6/8/17,2011,Dodge,Grand Caravan,135792,0,0,0
1,4,78757.2,2018-12-29,1/5/19,1,1,41.96379928,-87.68890301,36350,1,3/4/17,3/4/18,2015,Chevrolet,Express,70260,0,0,1
5,1,123126.9,2016-11-27,12/10/16,1,1,41.69278956,-87.61638144,24850,1,1/23/15,1/23/16,2010,BMW,X5,113112,0,0,1
3,1,245069.5,2017-05-22,5/27/17,0,1,41.93809389,-87.81125323,19390,1,3/22/16,3/22/17,2006,Chrysler,300,231948,0,0,1
5,2,105805.5,2018-12-07,12/12/18,0,1,41.99349103,-87.68989167,2070,0,1/18/17,1/18/18,2013,Nissan,Titan,99864,0,0,0
5,1,256223.8,2016-04-21,5/3/16,1,1,41.87682693,-87.75040277,28382,1,1/2/15,1/2/16,2005,Toyota,Camry,250272,0,0,1
4,3,78202.4,2018-10-15,10/24/18,0,2,41.81270755,-87.59112788,2748.5,0,7/6/17,7/6/18,2015,Toyota,Camry,64260,0,0,0
3,1,451940.9,2018-05-21,5/30/18,1,2,41.78012807,-87.62786581,41280,1,4/2/17,4/2/18,1996,Toyota,Highlander,448416,0,0,1
3,3,364603.2,2018-06-04,6/10/18,0,3,41.79360383,-87.70484556,2800,0,2/14/17,2/14/18,2002,Subaru,Outback,353124,0,0,0
5,3,149988.1,2017-01-09,1/23/17,1,3,41.83384972,-87.68436318,1080,0,5/21/16,5/21/17,2010,Dodge,Charger,147168,0,0,0
2,3,229208.2,2016-07-31,8/12/16,0,1,42.01548182,-87.6766873,1520,0,9/8/15,9/7/16,1993,Chevrolet,Express,225354,1,0,0
3,3,249268.7,2016-01-05,1/13/16,0,3,41.96782599,-87.76762486,1070,0,10/23/15,10/22/16,2004,Honda,CR-V,241776,0,0,0
3,1,142028,2017-07-27,8/5/17,1,1,41.8588948,-87.6304005,19820,1,1/5/16,1/4/17,2011,Hyundai,Elantra,128520,0,0,1
1,1,56242.7,2016-07-15,7/28/16,0,6,41.81905247,-87.7241127,32040,1,8/26/15,8/25/16,2014,Dodge,Journey,41976,0,0,1
3,1,116572.6,2017-03-24,3/24/17,1,7,41.89561531,-87.70670533,20490,1,9/19/16,9/19/17,2011,Buick,Enclave,111384,0,0,1
4,3,173217.2,2016-03-24,3/28/16,0,1,41.7847235,-87.78655879,2410,0,8/13/15,8/12/16,1999,Dodge,Durango,162180,1,0,0
3,3,422412.8,2016-11-05,11/8/16,0,4,41.90389254,-87.68813376,1200,0,3/16/15,3/15/16,1996,Subaru,Legacy,420960,0,1,0
5,1,283041.9,2018-10-01,10/10/18,1,1,41.97620114,-87.90530913,33140,1,4/19/17,4/19/18,2003,Nissan,Maxima,280560,0,0,1
2,3,225917.6,2017-06-24,7/2/17,0,1,41.8440034,-87.73421761,1490,0,1/6/16,1/5/17,2007,Nissan,Rogue,220164,0,0,0
3,3,251077.9,2017-07-01,7/12/17,0,1,41.8904063,-87.64660643,3369.5,0,3/19/16,3/19/17,2006,Chevrolet,Silverado,248760,0,0,0
5,3,22236.2,2018-04-20,5/4/18,1,1,41.94533841,-87.80715477,1630,0,2/7/17,2/7/18,2016,GMC,Sierra,19320,1,0,0
3,3,289229.5,2017-02-14,2/15/17,0,1,41.83107789,-87.67544016,1590,0,10/13/16,10/13/17,2004,Nissan,Rogue,280440,0,0,0
2,1,115894.6,2016-04-01,4/7/16,0,1,41.90951624,-87.7632098,23420,1,11/17/15,11/16/16,2011,Nissan,Murano,112800,0,1,1
1,3,202348.5,2017-05-19,5/26/17,1,1,41.80896097,-87.74303668,1450,0,6/24/16,6/24/17,2007,Lexus,ES,198696,0,0,0
3,3,208598.9,2018-09-23,10/2/18,0,1,41.89872516,-87.66519104,2800,0,1/21/17,1/21/18,2009,Toyota,Corolla,201252,0,0,0
5,3,52659.3,2018-10-14,10/20/18,0,1,41.91001896,-87.75552573,2880,0,1/3/17,1/3/18,2016,Chevrolet,Express,45744,0,0,0
3,1,112418.5,2018-04-16,4/21/18,0,3,41.90011437,-87.62422759,35250,1,10/7/17,10/7/18,2013,Mercedes,GLE,109752,0,0,1
2,2,41946.1,2018-12-23,1/1/19,0,1,41.75754325,-87.57626057,1140,0,2/4/17,2/4/18,2016,GMC,Sierra,38700,0,0,0
5,3,129622.7,2018-08-19,8/31/18,0,1,41.9400969,-87.64454837,2280,0,2/14/17,2/14/18,2011,Dodge,Ram,126108,0,0,0
1,3,251883.7,2017-06-15,6/17/17,0,4,41.7863731,-87.70227705,2600,0,1/26/16,1/25/17,2004,Volkswagen,Tiguan,245736,0,0,0
5,3,76962.6,2016-03-09,3/9/16,0,1,41.81201703,-87.68467692,1710,0,10/5/15,10/4/16,2013,Subaru,Forester,71748,0,0,0
5,3,168733.2,2017-08-31,9/9/17,0,1,41.96550207,-87.65801362,1540,0,9/19/16,9/19/17,2010,Chevrolet,Impala,154704,0,0,0
1,1,306469.8,2017-04-17,4/26/17,1,1,41.83887233,-87.64615097,29200,1,11/24/16,11/24/17,2004,Ford,Mustang,293316,0,0,1
1,3,154746.8,2017-03-29,4/4/17,1,1,41.89104258,-87.62007804,1690,0,5/8/16,5/8/17,2010,Toyota,Corolla,148704,0,0,0
5,3,404573.3,2018-10-07,10/19/18,1,2,41.95244911,-87.84160694,2540,0,10/19/17,10/19/18,2001,Kia,Sorento,389868,0,0,0
5,1,167569.2,2017-10-21,11/4/17,1,6,41.90950515,-87.74695994,14460,1,11/21/16,11/21/17,2009,Honda,CR-V,155712,0,0,1
4,3,163193.3,2017-03-14,3/22/17,0,1,41.96124277,-87.71276103,2040,0,5/13/16,5/13/17,2009,Ford,Mustang,151320,0,0,0
3,1,274810.1,2016-02-29,3/3/16,1,2,41.92486304,-87.71225701,25140,1,4/4/15,4/3/16,2003,Acura,MDX,273936,0,0,1
5,1,53387.7,2016-09-19,9/28/16,1,1,42.00555248,-87.67509863,24621.5,1,8/8/15,8/7/16,2014,Chevrolet,Silverado,46896,0,0,1
2,1,153662.8,2018-10-31,11/9/18,0,3,42.01574718,-87.69979494,18580,1,2/2/17,2/2/18,2011,Chevrolet,Impala,145020,0,0,1
3,3,122795.6,2016-02-02,2/11/16,0,1,41.99488207,-87.71491593,1700,0,2/4/15,2/4/16,2010,Dodge,Ram,115416,0,0,0
5,1,166390.7,2016-09-13,9/14/16,1,7,41.7904158,-87.78188205,25576,1,11/12/15,11/11/16,2007,Chevrolet,Equinox,164052,0,0,1
5,1,304834.2,2017-01-19,1/26/17,1,1,41.74370583,-87.61451052,45540,1,9/14/16,9/14/17,2003,GMC,Acadia,294420,0,0,1
1,3,289732.8,2017-03-24,3/24/17,0,1,41.90153409,-87.75561055,1400,0,3/8/16,3/8/17,2003,Ford,F-150,286188,0,0,0
5,1,169986.6,2017-05-13,5/20/17,0,1,41.85492101,-87.66782616,32407,1,3/20/16,3/20/17,2010,Jeep,Renegade,156624,0,0,1
1,1,97838.7,2017-01-13,1/21/17,0,6,41.92937566,-87.77605228,1950,1,11/10/16,11/10/17,2012,Chevrolet,Equinox,92520,0,0,0
2,3,130722.6,2018-06-13,6/25/18,0,1,41.88204879,-87.63473674,1060,0,9/21/17,9/21/18,2012,Chevrolet,Silverado,119604,0,0,0
1,3,78368.1,2018-10-02,10/16/18,0,4,41.87694972,-87.72779728,2967,0,8/27/17,8/27/18,2015,Chevrolet,Silverado,68988,0,0,0
3,3,82391.9,2017-09-03,9/10/17,0,1,41.80829584,-87.68644181,2260,0,3/24/16,3/24/17,2010,Ford,Explorer,78324,1,0,0
1,3,145270.4,2017-07-17,7/29/17,0,1,41.80725439,-87.58667436,1472,0,8/1/16,8/1/17,2010,Dodge,Grand Caravan,138912,0,0,0
3,3,145478.3,2016-08-27,9/2/16,0,1,41.79481045,-87.66839755,1207.5,0,3/26/15,3/25/16,2009,Chevrolet,Silverado,131292,0,0,0
5,3,284028.3,2018-09-22,10/1/18,0,2,41.90241961,-87.7252187,3151,0,7/12/17,7/12/18,2005,Hyundai,Santa Fe,270072,0,0,0
5,3,237645.1,2017-05-30,6/5/17,0,1,41.89757622,-87.6173485,1560,0,5/26/16,5/26/17,2006,Hyundai,Elantra,223404,0,0,0
5,3,318041.5,2017-04-07,4/21/17,0,1,41.90353529,-87.66698845,1150,0,4/22/16,4/22/17,2000,Honda,Odyssey,306816,0,1,0
3,3,219581.2,2017-03-17,3/18/17,1,1,41.77513858,-87.58475257,2656.5,0,4/14/16,4/14/17,2007,Jeep,Grand Cherokee,209400,0,0,0
4,3,588158.9,2018-08-01,8/9/18,0,1,41.99786101,-87.68860509,1160,0,6/8/17,6/8/18,1991,Chrysler,Pacifica,577044,0,0,0
1,1,220827.8,2016-09-12,9/12/16,1,1,41.72244946,-87.58500357,20550,1,3/9/15,3/8/16,2007,Ford,F-150,206172,0,0,1
4,3,146983.7,2018-09-29,10/2/18,0,2,41.83762234,-87.66588718,2620,0,7/21/17,7/21/18,2011,Chevrolet,Suburban,142908,0,0,0
4,3,149332,2017-07-02,7/11/17,0,1,41.81068946,-87.71109492,2460,0,4/3/16,4/3/17,2010,Chevrolet,Impala,135576,0,0,0
5,3,62842.7,2018-09-23,9/23/18,0,2,41.9221208,-87.63024326,1180,0,6/22/17,6/22/18,2015,Toyota,Highlander,59772,0,0,0
5,3,214021.1,2016-11-11,11/18/16,0,1,41.75335698,-87.70264255,2080,0,6/9/15,6/8/16,2005,Toyota,4Runner,213048,0,0,0
1,1,172955.9,2016-01-11,1/18/16,1,1,41.86625418,-87.66652414,13820,1,6/2/15,6/1/16,2007,Honda,HR-V,166968,0,0,1
1,1,293880.1,2018-06-11,6/23/18,1,1,41.85888297,-87.69336323,29600,1,8/24/17,8/24/18,2003,Nissan,Sentra,279624,0,0,1
3,3,118784.9,2017-03-08,3/18/17,0,2,41.91126134,-87.67905509,1000,0,4/25/16,4/25/17,2012,BMW,3 series,113652,0,0,0
4,1,227731,2017-07-12,7/20/17,1,1,41.85783537,-87.66628693,37200,1,8/20/16,8/20/17,2007,GMC,Terrain,226572,0,0,1
5,1,157867.5,2018-10-14,10/22/18,0,3,41.9689021,-87.66053231,23980,1,10/3/17,10/3/18,2010,Chevrolet,Cruze,154272,0,0,1
3,3,454638.7,2016-05-25,6/1/16,0,4,41.70818206,-87.56653528,1587,0,9/9/15,9/8/16,1997,Ford,Transit,447792,0,0,0
5,1,237136.2,2017-09-25,9/28/17,0,5,41.82368535,-87.6217466,2530,1,9/22/16,9/22/17,2005,Hyundai,Sonata,228528,0,0,0
1,1,325206.2,2018-01-10,1/15/18,1,1,41.75466012,-87.74138476,28050,1,11/23/17,11/23/18,2004,Toyota,Corolla,316260,0,0,1
2,3,112831.5,2018-08-28,8/30/18,0,1,41.74619502,-87.55130797,1350,0,3/10/17,3/10/18,2006,Nissan,Titan,109554,1,1,0
3,1,137111.1,2018-01-21,1/29/18,0,2,41.88675171,-87.67124749,13710,1,8/2/17,8/2/18,2012,Nissan,Rogue,124020,0,0,1
3,1,172496.5,2017-03-05,3/6/17,1,1,41.76529142,-87.60454374,32960,1,7/18/16,7/18/17,2008,Chevrolet,Suburban,166176,0,1,1
1,3,253215.2,2017-10-18,11/1/17,0,1,41.67506735,-87.63835457,2120,0,10/4/16,10/4/17,2005,Ford,Escape,244788,0,0,0
3,3,342907.1,2017-05-22,6/2/17,0,1,41.92527506,-87.66712416,1430,0,2/10/16,2/9/17,2002,Nissan,Rogue,334860,0,1,0
5,3,120261.6,2016-02-06,2/10/16,0,1,41.97609858,-87.71097626,1253.5,0,3/14/15,3/13/16,2010,Dodge,Ram,114192,0,0,0
3,1,53558.5,2018-04-03,4/17/18,0,5,41.95765315,-87.70583749,2730,1,5/16/17,5/16/18,2016,Chevrolet,Malibu,42552,0,1,0
5,3,156352.7,2017-11-14,11/24/17,1,1,41.77525733,-87.64060339,2250,0,8/9/16,8/9/17,2009,Chevrolet,Express,150144,0,0,0
1,3,63924,2018-03-11,3/15/18,0,1,41.99735527,-87.76561391,2070,0,5/24/17,5/24/18,2015,Toyota,Prius,63348,0,0,0
4,1,105133.8,2018-08-24,9/3/18,1,1,41.9460159,-87.7644415,33210,1,9/22/17,9/22/18,2013,Kia,Soul,95880,0,1,1
3,3,299557.9,2017-06-13,6/25/17,1,1,41.86712525,-87.64706481,2440,0,10/25/16,10/25/17,2004,Honda,Accord,295884,0,0,0
3,1,77438.7,2016-11-29,12/1/16,1,1,41.87698379,-87.74282373,44666,1,7/12/15,7/11/16,2013,Volkswagen,Jetta,70416,0,0,1
1,3,219285.9,2016-08-14,8/21/16,0,1,42.00259638,-87.66093221,2320,0,7/21/15,7/20/16,2007,Hyundai,Santa Fe,213624,0,0,0
1,1,192320.1,2016-08-22,9/3/16,1,1,41.7786395,-87.72261309,39307,1,8/21/15,8/20/16,2006,Chevrolet,Tahoe,187680,0,1,1
2,3,273023.9,2017-01-24,2/4/17,0,1,41.77073781,-87.72270698,1720,0,4/21/16,4/21/17,2003,Toyota,Camry,267060,0,0,0
2,3,178004.2,2016-07-05,7/9/16,1,1,41.76824358,-87.6198559,1050,0,1/10/15,1/10/16,2007,Ford,F-150,164268,0,0,0
